Cycle start time,Cycle end time,Cycle timezone,Question text,Answered yes,Notes
2026-07-28 02:31:53,2026-07-29 03:15:31,UTC+05:30,Consumed added sugar?,false,
2026-07-28 02:31:53,2026-07-29 03:15:31,UTC+05:30,Consumed protein?,false,
2026-07-28 02:31:53,2026-07-29 03:15:31,UTC+05:30,Made progress on an important goal?,false,
2026-07-28 02:31:53,2026-07-29 03:15:31,UTC+05:30,Learned something interesting or important?,false,
2026-07-28 02:31:53,2026-07-29 03:15:31,UTC+05:30,Ate food close to bedtime?,false,
2026-07-28 02:31:53,2026-07-29 03:15:31,UTC+05:30,Journaled your thoughts?,false,
2026-07-28 02:31:53,2026-07-29 03:15:31,UTC+05:30,Hydrated sufficiently?,false,
2026-07-28 02:31:53,2026-07-29 03:15:31,UTC+05:30,Expressed gratitude?,false,
2026-07-28 02:31:53,2026-07-29 03:15:31,UTC+05:30,Took fish oil?,false,
2026-07-28 02:31:53,2026-07-29 03:15:31,UTC+05:30,Felt emotionally and mentally stable?,false,
2026-07-28 02:31:53,2026-07-29 03:15:31,UTC+05:30,Felt you had control over your life?,false,
2026-07-28 02:31:53,2026-07-29 03:15:31,UTC+05:30,Tracked your calories?,false,
2026-07-28 02:31:53,2026-07-29 03:15:31,UTC+05:30,Took a calcium supplement?,false,
2026-07-28 02:31:53,2026-07-29 03:15:31,UTC+05:30,Experienced bowel movements?,false,
2026-07-28 02:31:53,2026-07-29 03:15:31,UTC+05:30,Experienced bloating?,false,
2026-07-28 02:31:53,2026-07-29 03:15:31,UTC+05:30,Ate an afternoon snack?,false,
2026-07-23 04:47:08,2026-07-24 05:33:39,UTC+05:30,Consumed protein?,true,
2026-07-23 04:47:08,2026-07-24 05:33:39,UTC+05:30,Consumed added sugar?,false,
2026-07-23 04:47:08,2026-07-24 05:33:39,UTC+05:30,Ate an afternoon snack?,false,
2026-07-23 04:47:08,2026-07-24 05:33:39,UTC+05:30,Experienced bloating?,false,
2026-07-23 04:47:08,2026-07-24 05:33:39,UTC+05:30,Experienced bowel movements?,false,
2026-07-23 04:47:08,2026-07-24 05:33:39,UTC+05:30,Took a calcium supplement?,false,
2026-07-23 04:47:08,2026-07-24 05:33:39,UTC+05:30,Tracked your calories?,true,
2026-07-23 04:47:08,2026-07-24 05:33:39,UTC+05:30,Felt you had control over your life?,false,
2026-07-23 04:47:08,2026-07-24 05:33:39,UTC+05:30,Felt emotionally and mentally stable?,false,
2026-07-23 04:47:08,2026-07-24 05:33:39,UTC+05:30,Took fish oil?,false,
2026-07-23 04:47:08,2026-07-24 05:33:39,UTC+05:30,Expressed gratitude?,false,
2026-07-23 04:47:08,2026-07-24 05:33:39,UTC+05:30,Hydrated sufficiently?,false,
2026-07-23 04:47:08,2026-07-24 05:33:39,UTC+05:30,Journaled your thoughts?,false,
2026-07-23 04:47:08,2026-07-24 05:33:39,UTC+05:30,Ate food close to bedtime?,false,
2026-07-23 04:47:08,2026-07-24 05:33:39,UTC+05:30,Learned something interesting or important?,false,
2026-07-23 04:47:08,2026-07-24 05:33:39,UTC+05:30,Made progress on an important goal?,false,
2026-07-22 05:31:27,2026-07-23 04:47:08,UTC+05:30,Ate an afternoon snack?,false,
2026-07-22 05:31:27,2026-07-23 04:47:08,UTC+05:30,Consumed added sugar?,false,
2026-07-22 05:31:27,2026-07-23 04:47:08,UTC+05:30,Consumed protein?,false,
2026-07-22 05:31:27,2026-07-23 04:47:08,UTC+05:30,Made progress on an important goal?,false,
2026-07-22 05:31:27,2026-07-23 04:47:08,UTC+05:30,Learned something interesting or important?,false,
2026-07-22 05:31:27,2026-07-23 04:47:08,UTC+05:30,Ate food close to bedtime?,false,
2026-07-22 05:31:27,2026-07-23 04:47:08,UTC+05:30,Journaled your thoughts?,false,
2026-07-22 05:31:27,2026-07-23 04:47:08,UTC+05:30,Hydrated sufficiently?,false,
2026-07-22 05:31:27,2026-07-23 04:47:08,UTC+05:30,Expressed gratitude?,false,
2026-07-22 05:31:27,2026-07-23 04:47:08,UTC+05:30,Took fish oil?,false,
2026-07-22 05:31:27,2026-07-23 04:47:08,UTC+05:30,Felt emotionally and mentally stable?,false,
2026-07-22 05:31:27,2026-07-23 04:47:08,UTC+05:30,Felt you had control over your life?,false,
2026-07-22 05:31:27,2026-07-23 04:47:08,UTC+05:30,Tracked your calories?,false,
2026-07-22 05:31:27,2026-07-23 04:47:08,UTC+05:30,Took a calcium supplement?,false,
2026-07-22 05:31:27,2026-07-23 04:47:08,UTC+05:30,Experienced bowel movements?,false,
2026-07-22 05:31:27,2026-07-23 04:47:08,UTC+05:30,Experienced bloating?,false,
2026-07-18 06:01:20,2026-07-19 05:34:19,UTC+05:30,Ate food close to bedtime?,true,
2026-07-18 06:01:20,2026-07-19 05:34:19,UTC+05:30,Hydrated sufficiently?,true,
2026-07-18 06:01:20,2026-07-19 05:34:19,UTC+05:30,Felt you had control over your life?,true,
2026-07-18 06:01:20,2026-07-19 05:34:19,UTC+05:30,Experienced bloating?,true,
2026-07-18 06:01:20,2026-07-19 05:34:19,UTC+05:30,Consumed protein?,true,
2026-07-18 06:01:20,2026-07-19 05:34:19,UTC+05:30,Consumed added sugar?,true,
2026-07-18 06:01:20,2026-07-19 05:34:19,UTC+05:30,Felt emotionally and mentally stable?,true,
2026-07-18 06:01:20,2026-07-19 05:34:19,UTC+05:30,Took fish oil?,false,
2026-07-18 06:01:20,2026-07-19 05:34:19,UTC+05:30,Expressed gratitude?,true,
2026-07-18 06:01:20,2026-07-19 05:34:19,UTC+05:30,Journaled your thoughts?,false,
2026-07-18 06:01:20,2026-07-19 05:34:19,UTC+05:30,Made progress on an important goal?,false,
2026-07-18 06:01:20,2026-07-19 05:34:19,UTC+05:30,Learned something interesting or important?,false,
2026-07-18 06:01:20,2026-07-19 05:34:19,UTC+05:30,Tracked your calories?,true,
2026-07-18 06:01:20,2026-07-19 05:34:19,UTC+05:30,Took a calcium supplement?,false,
2026-07-18 06:01:20,2026-07-19 05:34:19,UTC+05:30,Ate an afternoon snack?,true,
2026-07-18 06:01:20,2026-07-19 05:34:19,UTC+05:30,Experienced bowel movements?,true,
2026-07-14 03:20:00,2026-07-15 06:41:11,UTC+05:30,Consumed protein?,true,
2026-07-14 03:20:00,2026-07-15 06:41:11,UTC+05:30,Consumed added sugar?,true,
2026-07-14 03:20:00,2026-07-15 06:41:11,UTC+05:30,Ate an afternoon snack?,true,
2026-07-14 03:20:00,2026-07-15 06:41:11,UTC+05:30,Experienced bloating?,true,
2026-07-14 03:20:00,2026-07-15 06:41:11,UTC+05:30,Experienced bowel movements?,true,
2026-07-14 03:20:00,2026-07-15 06:41:11,UTC+05:30,Took a calcium supplement?,false,
2026-07-14 03:20:00,2026-07-15 06:41:11,UTC+05:30,Tracked your calories?,true,
2026-07-14 03:20:00,2026-07-15 06:41:11,UTC+05:30,Felt you had control over your life?,true,
2026-07-14 03:20:00,2026-07-15 06:41:11,UTC+05:30,Felt emotionally and mentally stable?,true,
2026-07-14 03:20:00,2026-07-15 06:41:11,UTC+05:30,Took fish oil?,false,
2026-07-14 03:20:00,2026-07-15 06:41:11,UTC+05:30,Expressed gratitude?,true,
2026-07-14 03:20:00,2026-07-15 06:41:11,UTC+05:30,Hydrated sufficiently?,true,
2026-07-14 03:20:00,2026-07-15 06:41:11,UTC+05:30,Journaled your thoughts?,false,
2026-07-14 03:20:00,2026-07-15 06:41:11,UTC+05:30,Ate food close to bedtime?,false,
2026-07-14 03:20:00,2026-07-15 06:41:11,UTC+05:30,Learned something interesting or important?,false,
2026-07-14 03:20:00,2026-07-15 06:41:11,UTC+05:30,Made progress on an important goal?,false,
2026-07-13 04:48:12,2026-07-14 03:20:00,UTC+05:30,Consumed protein?,true,
2026-07-13 04:48:12,2026-07-14 03:20:00,UTC+05:30,Consumed added sugar?,false,
2026-07-13 04:48:12,2026-07-14 03:20:00,UTC+05:30,Ate an afternoon snack?,true,
2026-07-13 04:48:12,2026-07-14 03:20:00,UTC+05:30,Experienced bloating?,true,
2026-07-13 04:48:12,2026-07-14 03:20:00,UTC+05:30,Experienced bowel movements?,false,
2026-07-13 04:48:12,2026-07-14 03:20:00,UTC+05:30,Took a calcium supplement?,false,
2026-07-13 04:48:12,2026-07-14 03:20:00,UTC+05:30,Tracked your calories?,true,
2026-07-13 04:48:12,2026-07-14 03:20:00,UTC+05:30,Felt you had control over your life?,false,
2026-07-13 04:48:12,2026-07-14 03:20:00,UTC+05:30,Felt emotionally and mentally stable?,true,
2026-07-13 04:48:12,2026-07-14 03:20:00,UTC+05:30,Took fish oil?,false,
2026-07-13 04:48:12,2026-07-14 03:20:00,UTC+05:30,Expressed gratitude?,true,
2026-07-13 04:48:12,2026-07-14 03:20:00,UTC+05:30,Hydrated sufficiently?,false,
2026-07-13 04:48:12,2026-07-14 03:20:00,UTC+05:30,Journaled your thoughts?,false,
2026-07-13 04:48:12,2026-07-14 03:20:00,UTC+05:30,Ate food close to bedtime?,false,
2026-07-13 04:48:12,2026-07-14 03:20:00,UTC+05:30,Learned something interesting or important?,false,
2026-07-13 04:48:12,2026-07-14 03:20:00,UTC+05:30,Made progress on an important goal?,false,
2026-07-12 05:30:38,2026-07-13 04:48:12,UTC+05:30,Consumed added sugar?,true,
2026-07-12 05:30:38,2026-07-13 04:48:12,UTC+05:30,Ate an afternoon snack?,true,
2026-07-12 05:30:38,2026-07-13 04:48:12,UTC+05:30,Experienced bloating?,true,
2026-07-12 05:30:38,2026-07-13 04:48:12,UTC+05:30,Experienced bowel movements?,true,
2026-07-12 05:30:38,2026-07-13 04:48:12,UTC+05:30,Took a calcium supplement?,false,
2026-07-12 05:30:38,2026-07-13 04:48:12,UTC+05:30,Tracked your calories?,false,
2026-07-12 05:30:38,2026-07-13 04:48:12,UTC+05:30,Felt you had control over your life?,true,
2026-07-12 05:30:38,2026-07-13 04:48:12,UTC+05:30,Felt emotionally and mentally stable?,true,
2026-07-12 05:30:38,2026-07-13 04:48:12,UTC+05:30,Took fish oil?,false,
2026-07-12 05:30:38,2026-07-13 04:48:12,UTC+05:30,Expressed gratitude?,true,
2026-07-12 05:30:38,2026-07-13 04:48:12,UTC+05:30,Hydrated sufficiently?,true,
2026-07-12 05:30:38,2026-07-13 04:48:12,UTC+05:30,Journaled your thoughts?,false,
2026-07-12 05:30:38,2026-07-13 04:48:12,UTC+05:30,Ate food close to bedtime?,false,
2026-07-12 05:30:38,2026-07-13 04:48:12,UTC+05:30,Learned something interesting or important?,true,
2026-07-12 05:30:38,2026-07-13 04:48:12,UTC+05:30,Made progress on an important goal?,false,
2026-07-12 05:30:38,2026-07-13 04:48:12,UTC+05:30,Consumed protein?,true,
2026-07-10 04:05:30,2026-07-11 08:17:11,UTC+05:30,Hydrated sufficiently?,true,
2026-07-10 04:05:30,2026-07-11 08:17:11,UTC+05:30,Consumed added sugar?,true,
2026-07-10 04:05:30,2026-07-11 08:17:11,UTC+05:30,Ate an afternoon snack?,true,
2026-07-10 04:05:30,2026-07-11 08:17:11,UTC+05:30,Experienced bloating?,true,
2026-07-10 04:05:30,2026-07-11 08:17:11,UTC+05:30,Experienced bowel movements?,true,
2026-07-10 04:05:30,2026-07-11 08:17:11,UTC+05:30,Took a calcium supplement?,false,
2026-07-10 04:05:30,2026-07-11 08:17:11,UTC+05:30,Tracked your calories?,true,
2026-07-10 04:05:30,2026-07-11 08:17:11,UTC+05:30,Felt you had control over your life?,false,
2026-07-10 04:05:30,2026-07-11 08:17:11,UTC+05:30,Felt emotionally and mentally stable?,true,
2026-07-10 04:05:30,2026-07-11 08:17:11,UTC+05:30,Took fish oil?,false,
2026-07-10 04:05:30,2026-07-11 08:17:11,UTC+05:30,Expressed gratitude?,true,
2026-07-10 04:05:30,2026-07-11 08:17:11,UTC+05:30,Journaled your thoughts?,false,
2026-07-10 04:05:30,2026-07-11 08:17:11,UTC+05:30,Ate food close to bedtime?,true,
2026-07-10 04:05:30,2026-07-11 08:17:11,UTC+05:30,Learned something interesting or important?,false,
2026-07-10 04:05:30,2026-07-11 08:17:11,UTC+05:30,Made progress on an important goal?,false,
2026-07-10 04:05:30,2026-07-11 08:17:11,UTC+05:30,Consumed protein?,true,
2026-07-08 03:36:10,2026-07-09 06:37:19,UTC+05:30,Experienced bloating?,true,
2026-07-08 03:36:10,2026-07-09 06:37:19,UTC+05:30,Ate an afternoon snack?,true,
2026-07-08 03:36:10,2026-07-09 06:37:19,UTC+05:30,Consumed added sugar?,true,
2026-07-08 03:36:10,2026-07-09 06:37:19,UTC+05:30,Consumed protein?,true,
2026-07-08 03:36:10,2026-07-09 06:37:19,UTC+05:30,Made progress on an important goal?,true,
2026-07-08 03:36:10,2026-07-09 06:37:19,UTC+05:30,Learned something interesting or important?,true,
2026-07-08 03:36:10,2026-07-09 06:37:19,UTC+05:30,Ate food close to bedtime?,false,
2026-07-08 03:36:10,2026-07-09 06:37:19,UTC+05:30,Journaled your thoughts?,true,
2026-07-08 03:36:10,2026-07-09 06:37:19,UTC+05:30,Hydrated sufficiently?,true,
2026-07-08 03:36:10,2026-07-09 06:37:19,UTC+05:30,Expressed gratitude?,true,
2026-07-08 03:36:10,2026-07-09 06:37:19,UTC+05:30,Took fish oil?,false,
2026-07-08 03:36:10,2026-07-09 06:37:19,UTC+05:30,Felt emotionally and mentally stable?,true,
2026-07-08 03:36:10,2026-07-09 06:37:19,UTC+05:30,Felt you had control over your life?,true,
2026-07-08 03:36:10,2026-07-09 06:37:19,UTC+05:30,Tracked your calories?,true,
2026-07-08 03:36:10,2026-07-09 06:37:19,UTC+05:30,Took a calcium supplement?,false,
2026-07-08 03:36:10,2026-07-09 06:37:19,UTC+05:30,Experienced bowel movements?,false,
2026-07-06 06:38:00,2026-07-07 08:29:48,UTC+05:30,Took a calcium supplement?,false,
2026-07-06 06:38:00,2026-07-07 08:29:48,UTC+05:30,Ate an afternoon snack?,true,
2026-07-06 06:38:00,2026-07-07 08:29:48,UTC+05:30,Consumed added sugar?,true,
2026-07-06 06:38:00,2026-07-07 08:29:48,UTC+05:30,Experienced bloating?,true,
2026-07-06 06:38:00,2026-07-07 08:29:48,UTC+05:30,Experienced bowel movements?,true,
2026-07-06 06:38:00,2026-07-07 08:29:48,UTC+05:30,Tracked your calories?,false,
2026-07-06 06:38:00,2026-07-07 08:29:48,UTC+05:30,Took fish oil?,false,
2026-07-06 06:38:00,2026-07-07 08:29:48,UTC+05:30,Hydrated sufficiently?,true,
2026-07-06 06:38:00,2026-07-07 08:29:48,UTC+05:30,Ate food close to bedtime?,false,
2026-07-06 06:38:00,2026-07-07 08:29:48,UTC+05:30,Made progress on an important goal?,false,
2026-07-06 06:38:00,2026-07-07 08:29:48,UTC+05:30,Consumed protein?,true,
2026-07-05 06:00:43,2026-07-06 06:38:00,UTC+05:30,Experienced bloating?,true,
2026-07-05 06:00:43,2026-07-06 06:38:00,UTC+05:30,Consumed protein?,true,
2026-07-05 06:00:43,2026-07-06 06:38:00,UTC+05:30,Made progress on an important goal?,false,
2026-07-05 06:00:43,2026-07-06 06:38:00,UTC+05:30,Experienced bowel movements?,true,
2026-07-05 06:00:43,2026-07-06 06:38:00,UTC+05:30,Ate food close to bedtime?,false,
2026-07-05 06:00:43,2026-07-06 06:38:00,UTC+05:30,Hydrated sufficiently?,true,
2026-07-05 06:00:43,2026-07-06 06:38:00,UTC+05:30,Took a calcium supplement?,false,
2026-07-05 06:00:43,2026-07-06 06:38:00,UTC+05:30,Tracked your calories?,true,
2026-07-05 06:00:43,2026-07-06 06:38:00,UTC+05:30,Took fish oil?,false,
2026-07-05 06:00:43,2026-07-06 06:38:00,UTC+05:30,Consumed added sugar?,false,
2026-07-05 06:00:43,2026-07-06 06:38:00,UTC+05:30,Ate an afternoon snack?,true,
2026-07-03 05:31:24,2026-07-04 06:02:40,UTC+05:30,Ate an afternoon snack?,true,
2026-07-03 05:31:24,2026-07-04 06:02:40,UTC+05:30,Consumed added sugar?,true,
2026-07-03 05:31:24,2026-07-04 06:02:40,UTC+05:30,Consumed protein?,true,
2026-07-03 05:31:24,2026-07-04 06:02:40,UTC+05:30,Made progress on an important goal?,true,
2026-07-03 05:31:24,2026-07-04 06:02:40,UTC+05:30,Ate food close to bedtime?,true,
2026-07-03 05:31:24,2026-07-04 06:02:40,UTC+05:30,Hydrated sufficiently?,true,
2026-07-03 05:31:24,2026-07-04 06:02:40,UTC+05:30,Took fish oil?,false,
2026-07-03 05:31:24,2026-07-04 06:02:40,UTC+05:30,Tracked your calories?,false,
2026-07-03 05:31:24,2026-07-04 06:02:40,UTC+05:30,Took a calcium supplement?,false,
2026-07-03 05:31:24,2026-07-04 06:02:40,UTC+05:30,Experienced bowel movements?,true,
2026-07-03 05:31:24,2026-07-04 06:02:40,UTC+05:30,Experienced bloating?,true,
2026-07-02 06:08:46,2026-07-03 05:31:24,UTC+05:30,Ate food close to bedtime?,true,
2026-07-02 06:08:46,2026-07-03 05:31:24,UTC+05:30,Consumed added sugar?,true,
2026-07-02 06:08:46,2026-07-03 05:31:24,UTC+05:30,Ate an afternoon snack?,true,
2026-07-02 06:08:46,2026-07-03 05:31:24,UTC+05:30,Experienced bloating?,true,
2026-07-02 06:08:46,2026-07-03 05:31:24,UTC+05:30,Experienced bowel movements?,true,
2026-07-02 06:08:46,2026-07-03 05:31:24,UTC+05:30,Took a calcium supplement?,false,
2026-07-02 06:08:46,2026-07-03 05:31:24,UTC+05:30,Tracked your calories?,false,
2026-07-02 06:08:46,2026-07-03 05:31:24,UTC+05:30,Took fish oil?,false,
2026-07-02 06:08:46,2026-07-03 05:31:24,UTC+05:30,Hydrated sufficiently?,true,
2026-07-02 06:08:46,2026-07-03 05:31:24,UTC+05:30,Made progress on an important goal?,true,
2026-07-02 06:08:46,2026-07-03 05:31:24,UTC+05:30,Consumed protein?,false,
2026-06-29 03:12:18,2026-06-30 02:41:10,UTC+05:30,Consumed added sugar?,false,
2026-06-29 03:12:18,2026-06-30 02:41:10,UTC+05:30,Consumed protein?,true,
2026-06-29 03:12:18,2026-06-30 02:41:10,UTC+05:30,Made progress on an important goal?,true,
2026-06-29 03:12:18,2026-06-30 02:41:10,UTC+05:30,Ate food close to bedtime?,false,
2026-06-29 03:12:18,2026-06-30 02:41:10,UTC+05:30,Hydrated sufficiently?,true,
2026-06-29 03:12:18,2026-06-30 02:41:10,UTC+05:30,Took fish oil?,false,
2026-06-29 03:12:18,2026-06-30 02:41:10,UTC+05:30,Tracked your calories?,true,
2026-06-29 03:12:18,2026-06-30 02:41:10,UTC+05:30,Took a calcium supplement?,false,
2026-06-29 03:12:18,2026-06-30 02:41:10,UTC+05:30,Experienced bowel movements?,true,
2026-06-29 03:12:18,2026-06-30 02:41:10,UTC+05:30,Experienced bloating?,false,
2026-06-29 03:12:18,2026-06-30 02:41:10,UTC+05:30,Ate an afternoon snack?,false,
2026-06-28 05:28:00,2026-06-29 03:12:18,UTC+05:30,Consumed added sugar?,false,
2026-06-28 05:28:00,2026-06-29 03:12:18,UTC+05:30,Consumed protein?,true,
2026-06-28 05:28:00,2026-06-29 03:12:18,UTC+05:30,Made progress on an important goal?,true,
2026-06-28 05:28:00,2026-06-29 03:12:18,UTC+05:30,Ate food close to bedtime?,false,
2026-06-28 05:28:00,2026-06-29 03:12:18,UTC+05:30,Hydrated sufficiently?,true,
2026-06-28 05:28:00,2026-06-29 03:12:18,UTC+05:30,Took fish oil?,false,
2026-06-28 05:28:00,2026-06-29 03:12:18,UTC+05:30,Tracked your calories?,true,
2026-06-28 05:28:00,2026-06-29 03:12:18,UTC+05:30,Took a calcium supplement?,false,
2026-06-28 05:28:00,2026-06-29 03:12:18,UTC+05:30,Experienced bowel movements?,true,
2026-06-28 05:28:00,2026-06-29 03:12:18,UTC+05:30,Experienced bloating?,true,
2026-06-28 05:28:00,2026-06-29 03:12:18,UTC+05:30,Ate an afternoon snack?,true,
2026-06-27 04:44:01,2026-06-28 05:28:00,UTC+05:30,Experienced bowel movements?,true,
2026-06-27 04:44:01,2026-06-28 05:28:00,UTC+05:30,Consumed added sugar?,true,
2026-06-27 04:44:01,2026-06-28 05:28:00,UTC+05:30,Ate an afternoon snack?,true,
2026-06-27 04:44:01,2026-06-28 05:28:00,UTC+05:30,Experienced bloating?,true,
2026-06-27 04:44:01,2026-06-28 05:28:00,UTC+05:30,Took a calcium supplement?,false,
2026-06-27 04:44:01,2026-06-28 05:28:00,UTC+05:30,Tracked your calories?,true,
2026-06-27 04:44:01,2026-06-28 05:28:00,UTC+05:30,Took fish oil?,false,
2026-06-27 04:44:01,2026-06-28 05:28:00,UTC+05:30,Hydrated sufficiently?,true,
2026-06-27 04:44:01,2026-06-28 05:28:00,UTC+05:30,Ate food close to bedtime?,false,
2026-06-27 04:44:01,2026-06-28 05:28:00,UTC+05:30,Made progress on an important goal?,true,
2026-06-27 04:44:01,2026-06-28 05:28:00,UTC+05:30,Consumed protein?,true,
2026-06-26 05:22:04,2026-06-27 04:44:01,UTC+05:30,Experienced bowel movements?,false,
2026-06-26 05:22:04,2026-06-27 04:44:01,UTC+05:30,Took a calcium supplement?,false,
2026-06-26 05:22:04,2026-06-27 04:44:01,UTC+05:30,Tracked your calories?,false,
2026-06-26 05:22:04,2026-06-27 04:44:01,UTC+05:30,Took fish oil?,false,
2026-06-26 05:22:04,2026-06-27 04:44:01,UTC+05:30,Hydrated sufficiently?,false,
2026-06-26 05:22:04,2026-06-27 04:44:01,UTC+05:30,Ate food close to bedtime?,false,
2026-06-26 05:22:04,2026-06-27 04:44:01,UTC+05:30,Made progress on an important goal?,false,
2026-06-26 05:22:04,2026-06-27 04:44:01,UTC+05:30,Consumed protein?,false,
2026-06-26 05:22:04,2026-06-27 04:44:01,UTC+05:30,Ate an afternoon snack?,false,
2026-06-26 05:22:04,2026-06-27 04:44:01,UTC+05:30,Consumed added sugar?,false,
2026-06-26 05:22:04,2026-06-27 04:44:01,UTC+05:30,Experienced bloating?,false,
2026-06-23 04:12:40,2026-06-24 00:10:00,UTC+05:30,Ate an afternoon snack?,false,
2026-06-23 04:12:40,2026-06-24 00:10:00,UTC+05:30,Experienced bloating?,true,
2026-06-23 04:12:40,2026-06-24 00:10:00,UTC+05:30,Experienced bowel movements?,true,
2026-06-23 04:12:40,2026-06-24 00:10:00,UTC+05:30,Took a calcium supplement?,true,
2026-06-23 04:12:40,2026-06-24 00:10:00,UTC+05:30,Tracked your calories?,true,
2026-06-23 04:12:40,2026-06-24 00:10:00,UTC+05:30,Took fish oil?,false,
2026-06-23 04:12:40,2026-06-24 00:10:00,UTC+05:30,Hydrated sufficiently?,true,
2026-06-23 04:12:40,2026-06-24 00:10:00,UTC+05:30,Ate food close to bedtime?,false,
2026-06-23 04:12:40,2026-06-24 00:10:00,UTC+05:30,Made progress on an important goal?,true,
2026-06-23 04:12:40,2026-06-24 00:10:00,UTC+05:30,Consumed protein?,true,
2026-06-23 04:12:40,2026-06-24 00:10:00,UTC+05:30,Consumed added sugar?,false,
2026-06-22 03:38:39,2026-06-23 04:12:40,UTC+05:30,Made progress on an important goal?,false,
2026-06-22 03:38:39,2026-06-23 04:12:40,UTC+05:30,Ate food close to bedtime?,false,
2026-06-22 03:38:39,2026-06-23 04:12:40,UTC+05:30,Hydrated sufficiently?,false,
2026-06-22 03:38:39,2026-06-23 04:12:40,UTC+05:30,Took fish oil?,false,
2026-06-22 03:38:39,2026-06-23 04:12:40,UTC+05:30,Tracked your calories?,true,
2026-06-22 03:38:39,2026-06-23 04:12:40,UTC+05:30,Took a calcium supplement?,false,
2026-06-22 03:38:39,2026-06-23 04:12:40,UTC+05:30,Experienced bowel movements?,false,
2026-06-22 03:38:39,2026-06-23 04:12:40,UTC+05:30,Experienced bloating?,false,
2026-06-22 03:38:39,2026-06-23 04:12:40,UTC+05:30,Ate an afternoon snack?,false,
2026-06-22 03:38:39,2026-06-23 04:12:40,UTC+05:30,Consumed added sugar?,false,
2026-06-22 03:38:39,2026-06-23 04:12:40,UTC+05:30,Consumed protein?,true,
2026-06-21 01:00:00,2026-06-22 03:38:39,UTC+05:30,Tracked your calories?,true,
2026-06-21 01:00:00,2026-06-22 03:38:39,UTC+05:30,Ate food close to bedtime?,true,
2026-06-21 01:00:00,2026-06-22 03:38:39,UTC+05:30,Hydrated sufficiently?,true,
2026-06-21 01:00:00,2026-06-22 03:38:39,UTC+05:30,Practiced breathwork?,true,
2026-06-21 01:00:00,2026-06-22 03:38:39,UTC+05:30,Experienced bloating?,true,
2026-06-21 01:00:00,2026-06-22 03:38:39,UTC+05:30,Consumed protein?,true,
2026-06-21 01:00:00,2026-06-22 03:38:39,UTC+05:30,Consumed added sugar?,false,
2026-06-21 01:00:00,2026-06-22 03:38:39,UTC+05:30,Took fish oil?,false,
2026-06-21 01:00:00,2026-06-22 03:38:39,UTC+05:30,Made progress on an important goal?,true,
2026-06-21 01:00:00,2026-06-22 03:38:39,UTC+05:30,Took a calcium supplement?,false,
2026-06-21 01:00:00,2026-06-22 03:38:39,UTC+05:30,Ate an afternoon snack?,false,
2026-06-21 01:00:00,2026-06-22 03:38:39,UTC+05:30,Experienced bowel movements?,true,
2026-06-16 00:49:44,2026-06-18 04:06:17,UTC+05:30,Ate an afternoon snack?,false,
2026-06-16 00:49:44,2026-06-18 04:06:17,UTC+05:30,Consumed added sugar?,false,
2026-06-16 00:49:44,2026-06-18 04:06:17,UTC+05:30,Consumed protein?,true,
2026-06-16 00:49:44,2026-06-18 04:06:17,UTC+05:30,Made progress on an important goal?,false,
2026-06-16 00:49:44,2026-06-18 04:06:17,UTC+05:30,Ate food close to bedtime?,false,
2026-06-16 00:49:44,2026-06-18 04:06:17,UTC+05:30,Hydrated sufficiently?,true,
2026-06-16 00:49:44,2026-06-18 04:06:17,UTC+05:30,Took fish oil?,false,
2026-06-16 00:49:44,2026-06-18 04:06:17,UTC+05:30,Tracked your calories?,true,
2026-06-16 00:49:44,2026-06-18 04:06:17,UTC+05:30,Took a calcium supplement?,false,
2026-06-16 00:49:44,2026-06-18 04:06:17,UTC+05:30,Experienced bowel movements?,false,
2026-06-16 00:49:44,2026-06-18 04:06:17,UTC+05:30,Experienced bloating?,false,
2026-06-14 01:38:32,2026-06-15 03:40:45,UTC+05:30,Experienced bloating?,false,
2026-06-14 01:38:32,2026-06-15 03:40:45,UTC+05:30,Ate an afternoon snack?,false,
2026-06-14 01:38:32,2026-06-15 03:40:45,UTC+05:30,Consumed added sugar?,false,
2026-06-14 01:38:32,2026-06-15 03:40:45,UTC+05:30,Experienced bowel movements?,false,
2026-06-14 01:38:32,2026-06-15 03:40:45,UTC+05:30,Took a calcium supplement?,false,
2026-06-14 01:38:32,2026-06-15 03:40:45,UTC+05:30,Tracked your calories?,false,
2026-06-14 01:38:32,2026-06-15 03:40:45,UTC+05:30,Took fish oil?,false,
2026-06-14 01:38:32,2026-06-15 03:40:45,UTC+05:30,Hydrated sufficiently?,false,
2026-06-14 01:38:32,2026-06-15 03:40:45,UTC+05:30,Ate food close to bedtime?,false,
2026-06-14 01:38:32,2026-06-15 03:40:45,UTC+05:30,Made progress on an important goal?,false,
2026-06-14 01:38:32,2026-06-15 03:40:45,UTC+05:30,Consumed protein?,false,
2026-06-12 03:34:20,2026-06-13 01:38:32,UTC+05:30,Made progress on an important goal?,false,
2026-06-12 03:34:20,2026-06-13 01:38:32,UTC+05:30,Took a calcium supplement?,true,
2026-06-12 03:34:20,2026-06-13 01:38:32,UTC+05:30,Ate an afternoon snack?,true,
2026-06-12 03:34:20,2026-06-13 01:38:32,UTC+05:30,Experienced bowel movements?,true,
2026-06-12 03:34:20,2026-06-13 01:38:32,UTC+05:30,Consumed added sugar?,true,
2026-06-12 03:34:20,2026-06-13 01:38:32,UTC+05:30,Consumed protein?,true,
2026-06-12 03:34:20,2026-06-13 01:38:32,UTC+05:30,Experienced bloating?,true,
2026-06-12 03:34:20,2026-06-13 01:38:32,UTC+05:30,Hydrated sufficiently?,true,
2026-06-12 03:34:20,2026-06-13 01:38:32,UTC+05:30,Took fish oil?,false,
2026-06-12 03:34:20,2026-06-13 01:38:32,UTC+05:30,Tracked your calories?,false,
2026-06-12 03:34:20,2026-06-13 01:38:32,UTC+05:30,Ate food close to bedtime?,false,
2026-06-09 06:30:00,2026-06-10 06:48:46,UTC+05:30,Ate an afternoon snack?,false,
2026-06-09 06:30:00,2026-06-10 06:48:46,UTC+05:30,Experienced bowel movements?,false,
2026-06-09 06:30:00,2026-06-10 06:48:46,UTC+05:30,Took a calcium supplement?,false,
2026-06-09 06:30:00,2026-06-10 06:48:46,UTC+05:30,Tracked your calories?,true,
2026-06-09 06:30:00,2026-06-10 06:48:46,UTC+05:30,Took fish oil?,false,
2026-06-09 06:30:00,2026-06-10 06:48:46,UTC+05:30,Hydrated sufficiently?,true,
2026-06-09 06:30:00,2026-06-10 06:48:46,UTC+05:30,Ate food close to bedtime?,false,
2026-06-09 06:30:00,2026-06-10 06:48:46,UTC+05:30,Made progress on an important goal?,false,
2026-06-09 06:30:00,2026-06-10 06:48:46,UTC+05:30,Consumed protein?,true,
2026-06-09 06:30:00,2026-06-10 06:48:46,UTC+05:30,Experienced bloating?,false,
2026-06-09 06:30:00,2026-06-10 06:48:46,UTC+05:30,Consumed added sugar?,false,
2026-06-08 02:18:32,2026-06-09 06:30:00,UTC+05:30,Experienced bloating?,true,
2026-06-08 02:18:32,2026-06-09 06:30:00,UTC+05:30,Consumed added sugar?,false,
2026-06-08 02:18:32,2026-06-09 06:30:00,UTC+05:30,Ate an afternoon snack?,true,
2026-06-08 02:18:32,2026-06-09 06:30:00,UTC+05:30,Experienced bowel movements?,true,
2026-06-08 02:18:32,2026-06-09 06:30:00,UTC+05:30,Took a calcium supplement?,false,
2026-06-08 02:18:32,2026-06-09 06:30:00,UTC+05:30,Tracked your calories?,true,
2026-06-08 02:18:32,2026-06-09 06:30:00,UTC+05:30,Took fish oil?,true,
2026-06-08 02:18:32,2026-06-09 06:30:00,UTC+05:30,Hydrated sufficiently?,true,
2026-06-08 02:18:32,2026-06-09 06:30:00,UTC+05:30,Ate food close to bedtime?,false,
2026-06-08 02:18:32,2026-06-09 06:30:00,UTC+05:30,Made progress on an important goal?,false,
2026-06-08 02:18:32,2026-06-09 06:30:00,UTC+05:30,Consumed protein?,true,
2026-06-07 03:34:24,2026-06-08 02:18:32,UTC+05:30,Took a calcium supplement?,false,
2026-06-07 03:34:24,2026-06-08 02:18:32,UTC+05:30,Experienced bowel movements?,false,
2026-06-07 03:34:24,2026-06-08 02:18:32,UTC+05:30,Experienced bloating?,false,
2026-06-07 03:34:24,2026-06-08 02:18:32,UTC+05:30,Ate an afternoon snack?,false,
2026-06-07 03:34:24,2026-06-08 02:18:32,UTC+05:30,Consumed added sugar?,false,
2026-06-07 03:34:24,2026-06-08 02:18:32,UTC+05:30,Consumed protein?,true,
2026-06-07 03:34:24,2026-06-08 02:18:32,UTC+05:30,Made progress on an important goal?,false,
2026-06-07 03:34:24,2026-06-08 02:18:32,UTC+05:30,Ate food close to bedtime?,false,
2026-06-07 03:34:24,2026-06-08 02:18:32,UTC+05:30,Hydrated sufficiently?,true,
2026-06-07 03:34:24,2026-06-08 02:18:32,UTC+05:30,Took fish oil?,false,
2026-06-07 03:34:24,2026-06-08 02:18:32,UTC+05:30,Tracked your calories?,true,
2026-06-05 01:20:43,2026-06-06 03:03:40,UTC+05:30,Ate food close to bedtime?,false,
2026-06-05 01:20:43,2026-06-06 03:03:40,UTC+05:30,Experienced bowel movements?,true,
2026-06-05 01:20:43,2026-06-06 03:03:40,UTC+05:30,Consumed added sugar?,false,
2026-06-05 01:20:43,2026-06-06 03:03:40,UTC+05:30,Ate an afternoon snack?,true,
2026-06-05 01:20:43,2026-06-06 03:03:40,UTC+05:30,Experienced bloating?,false,
2026-06-05 01:20:43,2026-06-06 03:03:40,UTC+05:30,Took a calcium supplement?,false,
2026-06-05 01:20:43,2026-06-06 03:03:40,UTC+05:30,Tracked your calories?,true,
2026-06-05 01:20:43,2026-06-06 03:03:40,UTC+05:30,Took fish oil?,false,
2026-06-05 01:20:43,2026-06-06 03:03:40,UTC+05:30,Hydrated sufficiently?,true,
2026-06-05 01:20:43,2026-06-06 03:03:40,UTC+05:30,Made progress on an important goal?,true,
2026-06-05 01:20:43,2026-06-06 03:03:40,UTC+05:30,Consumed protein?,true,
2026-06-04 01:52:05,2026-06-05 01:20:43,UTC+05:30,Ate food close to bedtime?,false,
2026-06-04 01:52:05,2026-06-05 01:20:43,UTC+05:30,Took fish oil?,false,
2026-06-04 01:52:05,2026-06-05 01:20:43,UTC+05:30,Hydrated sufficiently?,true,
2026-06-04 01:52:05,2026-06-05 01:20:43,UTC+05:30,Consumed added sugar?,false,
2026-06-04 01:52:05,2026-06-05 01:20:43,UTC+05:30,Made progress on an important goal?,false,
2026-06-04 01:52:05,2026-06-05 01:20:43,UTC+05:30,Consumed protein?,true,
2025-12-17 01:22:31,2025-12-18 04:38:56,UTC+05:30,Consumed added sugar?,false,
2025-12-17 01:22:31,2025-12-18 04:38:56,UTC+05:30,Consumed protein?,true,
2025-12-17 01:22:31,2025-12-18 04:38:56,UTC+05:30,Made progress on an important goal?,false,
2025-12-17 01:22:31,2025-12-18 04:38:56,UTC+05:30,Ate food close to bedtime?,false,
2025-12-17 01:22:31,2025-12-18 04:38:56,UTC+05:30,Hydrated sufficiently?,false,
2025-12-17 01:22:31,2025-12-18 04:38:56,UTC+05:30,Took fish oil?,false,
2025-12-02 03:24:14,2025-12-03 02:43:02,UTC+05:30,Took fish oil?,false,
2025-12-02 03:24:14,2025-12-03 02:43:02,UTC+05:30,Made progress on an important goal?,false,
2025-12-02 03:24:14,2025-12-03 02:43:02,UTC+05:30,Hydrated sufficiently?,false,
2025-12-02 03:24:14,2025-12-03 02:43:02,UTC+05:30,Consumed protein?,false,
2025-12-02 03:24:14,2025-12-03 02:43:02,UTC+05:30,Consumed added sugar?,false,
2025-12-02 03:24:14,2025-12-03 02:43:02,UTC+05:30,Ate food close to bedtime?,false,
2025-08-09 05:18:37,2025-08-10 05:58:14,UTC+05:30,Ate food close to bedtime?,true,
2025-08-09 05:18:37,2025-08-10 05:58:14,UTC+05:30,Took fish oil?,false,
2025-08-09 05:18:37,2025-08-10 05:58:14,UTC+05:30,Hydrated sufficiently?,false,
2025-08-09 05:18:37,2025-08-10 05:58:14,UTC+05:30,Consumed protein?,false,
2025-08-09 05:18:37,2025-08-10 05:58:14,UTC+05:30,Consumed added sugar?,true,
2025-08-09 05:18:37,2025-08-10 05:58:14,UTC+05:30,Made progress on an important goal?,false,
2025-08-06 02:57:48,2025-08-07 04:17:42,UTC+05:30,Consumed protein?,true,
2025-08-06 02:57:48,2025-08-07 04:17:42,UTC+05:30,Consumed added sugar?,false,
2025-08-06 02:57:48,2025-08-07 04:17:42,UTC+05:30,Took fish oil?,true,
2025-08-06 02:57:48,2025-08-07 04:17:42,UTC+05:30,Hydrated sufficiently?,true,
2025-08-06 02:57:48,2025-08-07 04:17:42,UTC+05:30,Ate food close to bedtime?,false,
2025-08-06 02:57:48,2025-08-07 04:17:42,UTC+05:30,Made progress on an important goal?,true,
2025-01-29 02:45:44,2025-01-30 03:34:16,UTC+05:30,Made progress on an important goal?,false,
2025-01-29 02:45:44,2025-01-30 03:34:16,UTC+05:30,Consumed protein?,false,
2025-01-29 02:45:44,2025-01-30 03:34:16,UTC+05:30,Consumed added sugar?,false,
2025-01-29 02:45:44,2025-01-30 03:34:16,UTC+05:30,Took fish oil?,false,
2025-01-29 02:45:44,2025-01-30 03:34:16,UTC+05:30,Hydrated sufficiently?,false,
2025-01-29 02:45:44,2025-01-30 03:34:16,UTC+05:30,Ate food close to bedtime?,false,
2025-01-26 02:21:01,2025-01-27 03:50:13,UTC+05:30,Ate food close to bedtime?,true,
2025-01-26 02:21:01,2025-01-27 03:50:13,UTC+05:30,Consumed protein?,true,
2025-01-26 02:21:01,2025-01-27 03:50:13,UTC+05:30,Consumed added sugar?,false,
2025-01-26 02:21:01,2025-01-27 03:50:13,UTC+05:30,Took fish oil?,true,
2025-01-26 02:21:01,2025-01-27 03:50:13,UTC+05:30,Hydrated sufficiently?,true,
2025-01-26 02:21:01,2025-01-27 03:50:13,UTC+05:30,Made progress on an important goal?,true,
2025-01-23 02:39:27,2025-01-24 03:13:17,UTC+05:30,Hydrated sufficiently?,true,
2025-01-23 02:39:27,2025-01-24 03:13:17,UTC+05:30,Took fish oil?,true,
2025-01-23 02:39:27,2025-01-24 03:13:17,UTC+05:30,Consumed added sugar?,false,
2025-01-23 02:39:27,2025-01-24 03:13:17,UTC+05:30,Consumed protein?,true,
2025-01-23 02:39:27,2025-01-24 03:13:17,UTC+05:30,Made progress on an important goal?,false,
2025-01-23 02:39:27,2025-01-24 03:13:17,UTC+05:30,Ate food close to bedtime?,true,
2025-01-17 02:18:50,2025-01-18 04:48:01,UTC+05:30,Made progress on an important goal?,true,
2025-01-17 02:18:50,2025-01-18 04:48:01,UTC+05:30,Took fish oil?,true,
2025-01-17 02:18:50,2025-01-18 04:48:01,UTC+05:30,Consumed added sugar?,true,
2025-01-17 02:18:50,2025-01-18 04:48:01,UTC+05:30,Ate food close to bedtime?,true,
2025-01-17 02:18:50,2025-01-18 04:48:01,UTC+05:30,Hydrated sufficiently?,true,
2025-01-17 02:18:50,2025-01-18 04:48:01,UTC+05:30,Consumed protein?,true,
2025-01-10 01:58:18,2025-01-11 00:59:22,UTC+05:30,Consumed added sugar?,true,
2025-01-10 01:58:18,2025-01-11 00:59:22,UTC+05:30,Took fish oil?,true,
2025-01-10 01:58:18,2025-01-11 00:59:22,UTC+05:30,Hydrated sufficiently?,true,
2025-01-10 01:58:18,2025-01-11 00:59:22,UTC+05:30,Ate food close to bedtime?,true,
2025-01-10 01:58:18,2025-01-11 00:59:22,UTC+05:30,Made progress on an important goal?,true,
2025-01-10 01:58:18,2025-01-11 00:59:22,UTC+05:30,Consumed protein?,true,
2026-08-15 02:57:33,,UTC+05:30,Expressed gratitude?,false,
2026-08-15 02:57:33,,UTC+05:30,Made progress on an important goal?,false,
2026-08-15 02:57:33,,UTC+05:30,Learned something interesting or important?,false,
2026-08-15 02:57:33,,UTC+05:30,Ate food close to bedtime?,false,
2026-08-15 02:57:33,,UTC+05:30,Took fish oil?,false,
2026-08-15 02:57:33,,UTC+05:30,Experienced bowel movements?,false,
2026-08-15 02:57:33,,UTC+05:30,Ate an afternoon snack?,false,
2026-08-15 02:57:33,,UTC+05:30,Experienced bloating?,false,
2026-08-15 02:57:33,,UTC+05:30,Tracked your calories?,false,
2026-08-15 02:57:33,,UTC+05:30,Journaled your thoughts?,false,
2026-08-15 02:57:33,,UTC+05:30,Hydrated sufficiently?,false,
2026-08-15 02:57:33,,UTC+05:30,Consumed protein?,false,
2026-08-15 02:57:33,,UTC+05:30,Consumed added sugar?,false,
2026-08-15 02:57:33,,UTC+05:30,Felt emotionally and mentally stable?,false,
2026-08-15 02:57:33,,UTC+05:30,Took a calcium supplement?,false,
2026-08-15 02:57:33,,UTC+05:30,Felt you had control over your life?,false,
2026-08-05 06:03:10,2026-08-06 04:00:00,UTC+05:30,Felt you had control over your life?,false,
2026-08-05 06:03:10,2026-08-06 04:00:00,UTC+05:30,Felt emotionally and mentally stable?,false,
2026-08-05 06:03:10,2026-08-06 04:00:00,UTC+05:30,Took fish oil?,false,
2026-08-05 06:03:10,2026-08-06 04:00:00,UTC+05:30,Expressed gratitude?,false,
2026-08-05 06:03:10,2026-08-06 04:00:00,UTC+05:30,Hydrated sufficiently?,false,
2026-08-05 06:03:10,2026-08-06 04:00:00,UTC+05:30,Took a calcium supplement?,false,
2026-08-05 06:03:10,2026-08-06 04:00:00,UTC+05:30,Consumed protein?,false,
2026-08-05 06:03:10,2026-08-06 04:00:00,UTC+05:30,Made progress on an important goal?,false,
2026-08-05 06:03:10,2026-08-06 04:00:00,UTC+05:30,Learned something interesting or important?,false,
2026-08-05 06:03:10,2026-08-06 04:00:00,UTC+05:30,Ate food close to bedtime?,false,
2026-08-05 06:03:10,2026-08-06 04:00:00,UTC+05:30,Journaled your thoughts?,false,
2026-08-05 06:03:10,2026-08-06 04:00:00,UTC+05:30,Experienced bowel movements?,false,
2026-08-05 06:03:10,2026-08-06 04:00:00,UTC+05:30,Experienced bloating?,false,
2026-08-05 06:03:10,2026-08-06 04:00:00,UTC+05:30,Consumed added sugar?,false,
2026-08-05 06:03:10,2026-08-06 04:00:00,UTC+05:30,Ate an afternoon snack?,false,
2026-08-05 06:03:10,2026-08-06 04:00:00,UTC+05:30,Tracked your calories?,false,
