Cycle start time,Cycle end time,Cycle timezone,Recovery score %,Resting heart rate (bpm),Heart rate variability (ms),Skin temp (celsius),Blood oxygen %,Day Strain,Energy burned (cal),Max HR (bpm),Average HR (bpm),Sleep onset,Wake onset,Sleep performance %,Respiratory rate (rpm),Asleep duration (min),In bed duration (min),Light sleep duration (min),Deep (SWS) duration (min),REM duration (min),Awake duration (min),Sleep need (min),Sleep debt (min),Sleep efficiency %,Sleep consistency %
2026-08-15 02:57:33,,UTC+05:30,80,62,49,33.60,97.83,,,,,2026-08-15 02:57:33,2026-08-15 10:19:38,81,17.8,405,442,182,124,99,37,583,120,91,76
2026-08-14 05:10:00,2026-08-15 02:57:33,UTC+05:30,,,,,,6.6,1322,155,85,,,,,,,,,,,,,,
2026-08-13 03:43:21,2026-08-14 05:10:00,UTC+05:30,47,65,36,34.40,95.56,13.1,2587,153,84,2026-08-13 03:43:21,2026-08-13 10:26:38,80,18.0,372,403,175,101,96,31,560,99,92,86
2026-08-12 03:16:35,2026-08-13 03:43:21,UTC+05:30,71,64,46,34.31,96.06,4.7,1445,137,80,2026-08-12 03:16:35,2026-08-12 10:55:00,81,18.6,435,458,215,114,106,23,590,127,94,73
2026-08-10 04:10:27,2026-08-12 03:16:35,UTC+05:30,63,61,46,34.28,96.83,6.9,3054,146,76,2026-08-10 04:10:27,2026-08-10 10:36:35,73,17.8,353,386,205,70,78,33,593,127,91,74
2026-08-09 04:10:56,2026-08-10 04:10:27,UTC+05:30,32,60,38,33.91,94.88,8.4,2105,142,80,2026-08-09 04:10:56,2026-08-09 09:11:21,50,17.9,270,300,112,106,52,30,612,127,90,
2026-08-08 05:20:15,2026-08-09 04:10:56,UTC+05:30,57,63,41,33.68,94.93,13.5,2129,150,78,2026-08-08 05:20:15,2026-08-08 12:24:48,78,17.7,386,424,162,136,88,37,594,127,91,
2026-08-07 04:00:00,2026-08-08 05:20:15,UTC+05:30,,,,,,8.8,1928,146,78,,,,,,,,,,,,,,
2026-08-06 04:00:00,2026-08-07 04:00:00,UTC+05:30,,,,,,7.6,1908,155,83,,,,,,,,,,,,,,
2026-08-05 06:03:10,2026-08-06 04:00:00,UTC+05:30,19,70,28,34.00,96.00,5.4,1800,146,77,2026-08-05 06:03:10,2026-08-05 10:17:14,46,18.8,249,254,111,88,50,5,590,127,98,
2026-08-04 05:19:32,2026-08-05 06:03:10,UTC+05:30,,,,,,6.5,707,163,76,,,,,,,,,,,,,,
2026-08-03 06:55:22,2026-08-04 05:19:32,UTC+05:30,38,60,59,33.50,97.67,4.5,1249,127,75,2026-08-03 06:55:22,2026-08-03 10:57:50,37,17.6,220,242,115,75,30,22,593,127,91,63
2026-08-02 05:19:32,2026-08-03 06:55:22,UTC+05:30,40,64,46,34.10,97.25,8.6,2226,152,81,2026-08-02 05:19:32,2026-08-02 09:48:09,52,18.6,262,268,66,108,88,6,586,125,97,72
2026-07-31 04:08:46,2026-08-02 05:19:32,UTC+05:30,30,70,37,34.60,96.83,5.4,2764,139,81,2026-07-31 04:08:46,2026-07-31 10:07:49,66,19.3,316,359,144,115,57,43,567,91,88,76
2026-07-30 02:35:20,2026-07-31 04:08:46,UTC+05:30,38,66,37,34.21,98.70,11.6,1926,150,79,2026-07-30 02:35:20,2026-07-30 10:43:51,81,18.2,446,488,276,92,78,42,589,127,91,75
2026-07-29 03:15:31,2026-07-30 02:35:20,UTC+05:30,51,64,44,34.00,97.27,6.1,1948,145,77,2026-07-29 03:15:31,2026-07-29 09:00:20,70,18.2,336,344,135,125,76,5,579,112,98,70
2026-07-28 02:31:53,2026-07-29 03:15:31,UTC+05:30,79,62,50,34.30,96.94,9.0,2138,152,78,2026-07-28 02:31:53,2026-07-28 09:37:29,76,18.7,413,425,209,99,105,12,588,127,97,55
2026-07-27 04:50:26,2026-07-28 02:31:53,UTC+05:30,57,65,44,34.50,98.30,4.5,1730,130,75,2026-07-27 04:50:26,2026-07-27 11:11:07,70,18.0,336,380,149,130,57,44,594,127,88,78
2026-07-26 04:06:16,2026-07-27 04:50:26,UTC+05:30,58,63,47,34.29,97.54,9.0,2242,143,78,2026-07-26 04:06:16,2026-07-26 09:53:47,67,17.6,341,347,130,108,103,6,590,127,98,55
2026-07-25 04:47:08,2026-07-26 04:06:16,UTC+05:30,,,,,,6.7,1618,150,85,,,,,,,,,,,,,,
2026-07-24 05:33:39,2026-07-25 04:47:08,UTC+05:30,68,64,57,33.92,94.50,12.9,2259,150,81,2026-07-24 05:33:39,2026-07-24 10:48:58,66,18.3,291,315,128,95,68,20,544,127,93,72
2026-07-23 04:47:08,2026-07-24 05:33:39,UTC+05:30,52,64,45,33.70,96.00,11.4,2092,150,77,2026-07-23 04:47:08,2026-07-23 11:28:09,74,18.6,375,401,191,96,88,26,614,127,93,73
2026-07-22 05:31:27,2026-07-23 04:47:08,UTC+05:30,56,60,46,33.88,97.25,13.8,2224,152,78,2026-07-22 05:31:27,2026-07-22 10:55:54,68,17.6,308,324,126,102,80,16,543,127,95,66
2026-07-21 06:35:40,2026-07-22 05:31:27,UTC+05:30,41,61,47,34.10,96.67,13.7,2173,148,78,2026-07-21 06:35:40,2026-07-21 11:23:35,52,17.9,272,287,158,51,63,15,608,127,94,70
2026-07-20 03:39:13,2026-07-21 06:35:40,UTC+05:30,66,60,46,34.10,95.42,12.7,2346,151,76,2026-07-20 03:39:13,2026-07-20 10:01:49,69,17.7,348,382,143,119,86,34,589,127,91,58
2026-07-19 05:34:19,2026-07-20 03:39:13,UTC+05:30,76,60,53,,95.33,6.2,1719,137,74,2026-07-19 05:34:19,2026-07-19 11:54:04,70,18.0,346,379,200,63,83,33,611,127,91,72
2026-07-18 06:01:20,2026-07-19 05:34:19,UTC+05:30,64,63,47,34.87,96.20,13.3,2134,150,78,2026-07-18 06:01:20,2026-07-18 11:56:01,69,17.7,331,354,139,82,110,23,588,127,93,
2026-07-17 05:34:58,2026-07-18 06:01:20,UTC+05:30,,,,,,5.4,904,133,88,,,,,,,,,,,,,,
2026-07-16 05:34:58,2026-07-17 05:34:58,UTC+05:30,58,62,45,35.00,96.94,4.3,1926,123,82,2026-07-16 05:34:58,2026-07-16 12:17:45,63,18.3,335,402,185,78,72,67,611,127,83,75
2026-07-15 06:41:11,2026-07-16 05:34:58,UTC+05:30,29,62,49,34.40,96.29,13.2,2215,159,84,2026-07-15 06:41:11,2026-07-15 10:23:43,32,18.3,202,222,105,48,49,16,589,127,92,53
2026-07-14 03:20:00,2026-07-15 06:41:11,UTC+05:30,,,,,,5.8,1568,121,79,,,,,,,,,,,,,,
2026-07-13 04:48:12,2026-07-14 03:20:00,UTC+05:30,59,62,40,34.90,96.64,7.4,2003,148,79,2026-07-13 04:48:12,2026-07-13 11:58:54,77,17.9,398,430,206,107,85,32,608,127,92,70
2026-07-12 05:30:38,2026-07-13 04:48:12,UTC+05:30,71,61,48,34.30,96.10,12.6,2086,146,78,2026-07-12 05:30:38,2026-07-12 13:11:15,61,17.6,361,460,230,81,50,99,607,127,78,69
2026-07-11 08:17:11,2026-07-12 05:30:38,UTC+05:30,38,61,48,34.30,97.25,12.6,2082,147,80,2026-07-11 08:17:11,2026-07-11 12:32:30,41,17.7,240,255,94,108,38,15,594,105,94,60
2026-07-10 04:05:30,2026-07-11 08:17:11,UTC+05:30,41,68,33,33.43,95.17,14.3,2721,181,80,2026-07-10 04:05:30,2026-07-10 12:13:51,73,18.4,425,488,213,139,73,63,589,127,87,60
2026-07-09 06:37:19,2026-07-10 04:05:30,UTC+05:30,51,62,42,33.11,96.50,5.7,1743,134,76,2026-07-09 06:37:19,2026-07-09 12:55:56,67,17.8,346,378,193,84,69,32,597,107,91,53
2026-07-08 03:36:10,2026-07-09 06:37:19,UTC+05:30,58,63,39,33.60,96.54,14.4,2574,170,78,2026-07-08 03:36:10,2026-07-08 10:47:33,75,17.9,420,431,195,108,117,11,587,127,97,47
2026-07-07 08:29:48,2026-07-08 03:36:10,UTC+05:30,18,64,37,34.34,93.50,4.1,1266,126,77,2026-07-07 08:29:48,2026-07-07 12:32:34,23,17.6,196,242,113,73,10,46,590,127,81,53
2026-07-06 06:38:00,2026-07-07 08:29:48,UTC+05:30,,,,,,6.6,1678,143,81,,,,,,,,,,,,,,
2026-07-05 06:00:43,2026-07-06 06:38:00,UTC+05:30,55,61,47,34.48,97.00,5.8,2364,135,76,2026-07-05 06:00:43,2026-07-05 12:41:09,67,17.8,341,400,175,93,73,59,601,127,85,71
2026-07-04 06:02:40,2026-07-05 06:00:43,UTC+05:30,17,69,28,34.61,97.83,11.1,1994,145,78,2026-07-04 06:02:40,2026-07-04 11:30:37,50,18.9,278,327,112,89,77,49,605,127,85,74
2026-07-03 05:31:24,2026-07-04 06:02:40,UTC+05:30,61,58,59,34.40,96.93,12.1,1815,158,78,2026-07-03 05:31:24,2026-07-03 10:35:49,57,17.9,291,304,111,83,97,13,604,127,95,71
2026-07-02 06:08:46,2026-07-03 05:31:24,UTC+05:30,57,58,49,33.90,94.50,11.9,1950,155,73,2026-07-02 06:08:46,2026-07-02 10:41:34,54,18.3,263,272,106,96,61,9,524,127,96,46
2026-07-01 05:24:36,2026-07-02 06:08:46,UTC+05:30,52,61,55,34.86,95.79,11.7,2114,144,76,2026-07-01 05:24:36,2026-07-01 10:02:05,45,17.8,261,277,119,106,36,16,599,127,94,53
2026-06-30 02:41:10,2026-07-01 05:24:36,UTC+05:30,50,64,35,34.90,97.40,10.6,2339,145,79,2026-06-30 02:41:10,2026-06-30 10:40:54,56,18.0,384,479,111,115,158,53,588,127,80,38
2026-06-29 03:12:18,2026-06-30 02:41:10,UTC+05:30,20,61,42,34.56,99.00,4.9,1756,132,73,2026-06-29 03:12:18,2026-06-29 05:59:34,25,18.1,157,167,50,59,48,10,542,70,94,38
2026-06-28 05:28:00,2026-06-29 03:12:18,UTC+05:30,,,,,,10.7,1842,156,80,,,,,,,,,,,,,,
2026-06-27 04:44:01,2026-06-28 05:28:00,UTC+05:30,90,61,52,33.53,96.63,14.0,2347,153,78,2026-06-27 04:44:01,2026-06-27 12:12:56,73,17.9,416,448,214,118,84,32,525,127,92,30
2026-06-26 05:22:04,2026-06-27 04:44:01,UTC+05:30,19,78,89,34.40,,6.6,1932,143,78,2026-06-26 05:22:04,2026-06-26 10:00:46,25,18.2,137,143,52,71,14,6,587,127,95,
2026-06-25 05:26:18,2026-06-26 05:22:04,UTC+05:30,21,67,31,34.71,96.38,4.9,1893,127,76,2026-06-25 05:26:18,2026-06-25 10:24:54,48,18.6,277,298,103,89,85,21,610,127,92,56
2026-06-24 00:10:00,2026-06-25 05:26:18,UTC+05:30,,,,,,13.1,2017,160,86,,,,,,,,,,,,,,
2026-06-23 04:12:40,2026-06-24 00:10:00,UTC+05:30,48,60,47,34.39,96.38,6.1,2093,144,80,2026-06-23 04:12:40,2026-06-23 09:04:35,54,18.5,283,291,151,81,51,8,609,127,97,76
2026-06-22 03:38:39,2026-06-23 04:12:40,UTC+05:30,47,64,40,34.57,96.40,13.0,2191,154,78,2026-06-22 03:38:39,2026-06-22 09:43:32,68,18.9,340,364,149,112,79,24,614,127,93,71
2026-06-21 01:00:00,2026-06-22 03:38:39,UTC+05:30,,,,,,13.7,1975,157,91,,,,,,,,,,,,,,
2026-06-20 02:42:11,2026-06-21 01:00:00,UTC+05:30,57,60,56,33.70,96.75,12.6,2151,158,85,2026-06-20 02:42:11,2026-06-20 07:47:31,48,17.9,262,305,128,94,40,43,570,62,86,61
2026-06-19 02:26:48,2026-06-20 02:42:11,UTC+05:30,82,63,45,34.30,95.33,16.9,2441,153,83,2026-06-19 02:26:48,2026-06-19 09:49:58,80,18.2,404,443,224,81,99,39,502,127,91,62
2026-06-18 04:06:17,2026-06-19 02:26:48,UTC+05:30,36,65,30,34.10,94.00,5.3,1793,130,77,2026-06-18 04:06:17,2026-06-18 09:41:00,70,19.0,305,334,150,91,64,29,536,75,91,
2026-06-16 00:49:44,2026-06-18 04:06:17,UTC+05:30,48,66,34,34.50,96.56,5.0,3507,147,76,2026-06-16 00:49:44,2026-06-16 09:26:29,81,18.9,470,516,259,118,93,46,588,127,90,70
2026-06-15 03:40:45,2026-06-16 00:49:44,UTC+05:30,69,62,47,34.90,98.10,4.6,1677,132,74,2026-06-15 03:40:45,2026-06-15 09:20:54,67,18.4,320,340,121,97,102,20,587,127,94,69
2026-06-14 01:38:32,2026-06-15 03:40:45,UTC+05:30,,,,,,4.7,1248,135,85,,,,,,,,,,,,,,
2026-06-13 01:38:32,2026-06-14 01:38:32,UTC+05:30,69,61,43,34.10,98.63,14.4,2368,149,81,2026-06-13 01:38:32,2026-06-13 08:28:56,72,18.3,390,410,188,97,105,20,588,127,95,48
2026-06-12 03:34:20,2026-06-13 01:38:32,UTC+05:30,52,62,44,34.28,97.14,5.0,1755,130,75,2026-06-12 03:34:20,2026-06-12 09:02:37,60,18.4,310,328,157,78,75,18,588,127,94,53
2026-06-11 02:25:00,2026-06-12 03:34:20,UTC+05:30,,,,,,4.7,1455,155,78,,,,,,,,,,,,,,
2026-06-10 06:48:46,2026-06-11 02:25:00,UTC+05:30,20,61,43,34.90,96.13,4.6,1891,134,75,2026-06-10 06:48:46,2026-06-10 10:53:57,32,18.2,227,245,94,81,52,16,608,126,93,43
2026-06-09 06:30:00,2026-06-10 06:48:46,UTC+05:30,37,65,40,34.10,94.80,13.1,2169,147,79,2026-06-09 06:30:00,2026-06-09 10:39:00,60,18.0,206,249,69,82,55,43,402,127,94,62
2026-06-08 02:18:32,2026-06-09 06:30:00,UTC+05:30,49,63,43,35.40,97.00,13.3,2505,149,77,2026-06-08 02:18:32,2026-06-08 08:40:30,74,18.5,375,381,189,110,76,6,588,127,98,64
2026-06-07 03:34:24,2026-06-08 02:18:32,UTC+05:30,12,61,43,34.31,96.67,4.2,1703,128,75,2026-06-07 03:34:24,2026-06-07 06:00:02,27,18.2,144,145,37,92,15,1,604,127,98,62
2026-06-06 03:03:40,2026-06-07 03:34:24,UTC+05:30,33,59,46,34.00,98.70,12.0,2210,163,77,2026-06-06 03:03:40,2026-06-06 07:38:45,43,18.2,228,275,97,106,25,47,506,13,82,61
2026-06-05 01:20:43,2026-06-06 03:03:40,UTC+05:30,66,58,54,33.50,95.63,14.8,2392,147,77,2026-06-05 01:20:43,2026-06-05 10:26:51,82,17.8,484,546,246,123,115,59,510,30,89,63
2026-06-04 01:52:05,2026-06-05 01:20:43,UTC+05:30,56,61,49,34.90,96.57,12.6,1951,139,76,2026-06-04 01:52:05,2026-06-04 09:09:23,89,18.5,416,437,231,95,90,21,463,84,95,
2026-06-03 02:27:57,2026-06-04 01:52:05,UTC+05:30,46,61,49,34.80,96.00,5.5,1944,151,74,2026-06-03 02:27:57,2026-06-03 08:15:29,79,18.2,326,347,140,95,91,21,494,0,93,
2026-06-02 14:27:57,2026-06-03 02:27:57,UTC+05:30,,,,,,0.0,108,103,67,,,,,,,,,,,,,,
2026-01-07 00:00:00,2026-01-08 00:00:00,UTC+05:30,,,,,,,,,,,,,,,,,,,,,,,
2026-01-05 05:35:09,2026-01-06 05:35:09,UTC+05:30,45,71,36,32.24,97.71,8.6,2001,155,82,2026-01-05 05:35:09,2026-01-05 10:40:59,68,19.1,283,305,122,83,78,22,477,127,92,54
2026-01-04 06:37:12,2026-01-05 05:35:09,UTC+05:30,25,75,31,34.20,96.00,4.4,1842,128,77,2026-01-04 06:37:12,2026-01-04 10:42:31,47,19.4,239,245,71,110,58,6,517,54,97,47
2026-01-03 02:08:14,2026-01-04 06:37:12,UTC+05:30,77,66,43,33.83,97.00,6.8,2400,138,76,2026-01-03 02:08:14,2026-01-03 10:10:07,84,18.6,469,481,266,97,106,12,553,92,97,75
2026-01-02 03:01:31,2026-01-03 02:08:14,UTC+05:30,80,63,46,34.30,96.85,5.1,1895,140,76,2026-01-02 03:01:31,2026-01-02 10:09:13,64,18.1,339,427,116,123,100,88,523,64,79,58
2026-01-01 15:01:31,2026-01-02 03:01:31,UTC+05:30,,,,,,0.1,210,108,78,,,,,,,,,,,,,,
2025-12-30 23:50:10,2025-12-31 23:50:10,UTC+05:30,32,68,27,33.90,96.84,1.3,770,125,76,2025-12-30 23:50:10,2025-12-31 08:12:28,75,18.2,478,502,218,150,110,24,578,117,95,39
2025-12-30 02:35:46,2025-12-30 23:50:10,UTC+05:30,39,69,28,33.12,97.46,4.9,1727,139,81,2025-12-30 02:35:46,2025-12-30 09:31:59,73,19.0,386,416,169,116,101,30,569,105,92,47
2025-12-29 06:36:51,2025-12-30 02:35:46,UTC+05:30,52,66,39,33.04,96.86,7.2,1753,139,79,2025-12-29 06:36:51,2025-12-29 10:44:13,60,18.7,243,247,114,90,39,4,453,81,98,46
2025-12-28 03:33:45,2025-12-29 06:36:51,UTC+05:30,33,69,31,32.26,96.14,4.5,2188,133,74,2025-12-28 03:33:45,2025-12-28 10:23:17,75,19.4,394,409,181,102,111,15,557,95,96,51
2025-12-27 01:54:31,2025-12-28 03:33:45,UTC+05:30,,,,,,5.5,1716,148,80,,,,,,,,,,,,,,
2025-12-26 05:40:31,2025-12-27 01:54:31,UTC+05:30,69,64,45,34.30,98.43,7.4,1801,150,80,2025-12-26 05:40:31,2025-12-26 10:48:55,70,18.4,300,308,116,107,77,8,491,24,97,54
2025-12-25 01:54:31,2025-12-26 05:40:31,UTC+05:30,60,69,37,33.57,97.70,8.7,2471,143,80,2025-12-25 01:54:31,2025-12-25 09:20:19,78,18.3,426,445,224,104,98,19,464,62,95,44
2025-12-24 03:50:56,2025-12-25 01:54:31,UTC+05:30,53,68,35,33.30,97.92,7.8,1977,160,81,2025-12-24 03:50:56,2025-12-24 10:50:49,79,17.8,406,419,193,98,115,13,503,35,96,59
2025-12-23 03:44:10,2025-12-24 03:50:56,UTC+05:30,84,64,49,34.30,95.57,9.2,2206,168,78,2025-12-23 03:44:10,2025-12-23 10:28:49,76,16.9,378,404,223,90,65,26,450,102,94,42
2025-12-22 03:02:28,2025-12-23 03:44:10,UTC+05:30,,,,,,6.1,1324,143,76,,,,,,,,,,,,,,
2025-12-21 05:00:16,2025-12-22 03:02:28,UTC+05:30,68,69,45,34.00,96.31,4.8,1240,144,75,2025-12-21 05:00:16,2025-12-21 11:23:20,74,18.3,368,383,155,90,123,15,573,97,96,61
2025-12-20 03:02:28,2025-12-21 05:00:16,UTC+05:30,63,66,41,33.62,94.38,11.5,2581,161,80,2025-12-20 03:02:28,2025-12-20 09:34:12,79,18.0,363,391,89,172,102,28,515,117,92,67
2025-12-19 04:02:43,2025-12-20 03:02:28,UTC+05:30,51,63,40,33.47,97.78,7.3,1998,151,78,2025-12-19 04:02:43,2025-12-19 10:26:52,74,16.8,370,384,135,115,120,14,604,127,96,74
2025-12-18 04:38:56,2025-12-19 04:02:43,UTC+05:30,16,69,23,33.83,98.00,11.7,2316,164,84,2025-12-18 04:38:56,2025-12-18 09:38:49,62,18.7,281,299,96,114,71,18,541,80,93,69
2025-12-17 01:22:31,2025-12-18 04:38:56,UTC+05:30,75,63,47,33.56,96.84,4.8,2218,141,72,2025-12-17 01:22:31,2025-12-17 09:12:35,83,17.9,450,470,219,114,117,20,575,112,95,77
2025-12-16 03:04:45,2025-12-17 01:22:31,UTC+05:30,36,67,34,33.94,98.24,5.8,1858,149,79,2025-12-16 03:04:45,2025-12-16 10:11:16,84,17.3,413,426,194,129,90,13,589,117,96,85
2025-12-15 03:12:53,2025-12-16 03:04:45,UTC+05:30,36,67,34,33.29,97.79,10.3,2234,164,81,2025-12-15 03:12:53,2025-12-15 09:46:09,82,18.8,387,393,223,75,89,6,571,103,98,84
2025-12-14 01:55:56,2025-12-15 03:12:53,UTC+05:30,78,64,49,33.60,97.73,9.2,2309,163,75,2025-12-14 01:55:56,2025-12-14 09:13:03,82,18.1,399,437,201,75,123,38,559,86,91,82
2025-12-13 02:08:02,2025-12-14 01:55:56,UTC+05:30,72,64,47,33.65,97.86,10.7,2301,161,78,2025-12-13 02:08:02,2025-12-13 09:42:09,83,17.9,443,454,243,98,102,11,578,115,97,79
2025-12-12 03:30:15,2025-12-13 02:08:02,UTC+05:30,71,64,45,33.41,96.00,6.4,1917,142,76,2025-12-12 03:30:15,2025-12-12 10:11:18,82,19.4,396,401,170,117,109,5,576,111,98,83
2025-12-11 03:27:01,2025-12-12 03:30:15,UTC+05:30,83,61,57,33.89,97.00,7.7,2121,154,77,2025-12-11 03:27:01,2025-12-11 09:26:18,75,17.0,344,359,152,68,124,15,568,100,95,76
2025-12-10 02:34:48,2025-12-11 03:27:01,UTC+05:30,45,68,38,33.77,95.91,8.9,2273,148,79,2025-12-10 02:34:48,2025-12-10 09:45:28,80,19.0,423,430,200,104,119,7,579,111,98,71
2025-12-09 05:36:58,2025-12-10 02:34:48,UTC+05:30,76,61,52,34.20,96.43,9.5,1975,163,79,2025-12-09 05:36:58,2025-12-09 10:43:48,69,17.1,299,306,111,103,85,7,521,56,97,70
2025-12-08 02:20:07,2025-12-09 05:36:58,UTC+05:30,82,62,46,33.10,97.88,7.9,2383,174,77,2025-12-08 02:20:07,2025-12-08 10:41:56,83,17.4,457,501,255,90,112,44,570,109,91,77
2025-12-07 04:09:19,2025-12-08 02:20:07,UTC+05:30,68,61,42,33.63,97.67,5.2,1430,150,78,2025-12-07 04:09:19,2025-12-07 10:21:45,79,17.5,358,372,169,105,84,14,576,109,96,89
2025-12-06 03:42:38,2025-12-07 04:09:19,UTC+05:30,52,68,35,33.27,97.75,8.8,2229,181,80,2025-12-06 03:42:38,2025-12-06 10:14:39,85,18.4,377,392,139,110,128,15,547,84,96,91
2025-12-05 02:43:02,2025-12-06 03:42:38,UTC+05:30,,,,,,6.2,980,151,87,,,,,,,,,,,,,,
2025-12-04 03:17:35,2025-12-05 02:43:02,UTC+05:30,77,61,48,33.60,96.42,8.4,2238,156,83,2025-12-04 03:17:35,2025-12-04 10:16:35,87,17.2,406,419,200,89,117,13,538,65,97,92
2025-12-03 02:43:02,2025-12-04 03:17:35,UTC+05:30,71,65,44,32.60,97.13,10.8,2293,200,78,2025-12-03 02:43:02,2025-12-03 10:25:26,84,18.4,441,462,216,118,107,21,543,79,95,
2025-12-02 03:24:14,2025-12-03 02:43:02,UTC+05:30,77,62,47,33.03,97.60,7.0,1991,153,76,2025-12-02 03:24:14,2025-12-02 10:38:55,83,17.6,408,434,207,106,95,26,531,65,94,
2025-12-01 00:00:00,2025-12-02 03:24:14,UTC+05:30,,,,,,8.6,1000,164,85,,,,,,,,,,,,,,
2025-11-25 02:23:03,2025-11-26 02:23:03,UTC+05:30,52,68,36,32.40,94.67,7.5,2072,149,79,2025-11-25 02:23:03,2025-11-25 11:05:40,85,18.2,487,522,281,108,98,35,589,127,93,
2025-11-24 06:19:20,2025-11-25 02:23:03,UTC+05:30,42,63,47,32.12,98.83,5.0,1611,140,79,2025-11-24 06:19:20,2025-11-24 10:42:54,48,18.3,259,263,120,67,72,4,599,127,98,
2025-11-22 05:03:18,2025-11-24 06:19:20,UTC+05:30,,,,,,11.0,2877,153,85,,,,,,,,,,,,,,
2025-11-21 05:03:18,2025-11-22 05:03:18,UTC+05:30,,,,,,7.7,2054,155,83,,,,,,,,,,,,,,
2025-11-20 05:03:18,2025-11-21 05:03:18,UTC+05:30,51,67,42,34.10,96.28,9.3,1929,155,82,2025-11-20 05:03:18,2025-11-20 10:43:39,70,18.0,330,340,170,102,58,10,593,127,97,80
2025-11-19 05:41:33,2025-11-20 05:03:18,UTC+05:30,25,71,32,33.43,96.80,8.0,2066,149,81,2025-11-19 05:41:33,2025-11-19 10:38:08,62,19.0,288,296,123,102,63,8,547,77,97,67
2025-11-18 02:19:49,2025-11-19 05:41:33,UTC+05:30,52,69,41,33.10,98.06,10.0,2471,143,80,2025-11-18 02:19:49,2025-11-18 10:45:57,77,18.9,474,506,248,106,120,32,594,127,94,61
2025-11-17 04:23:36,2025-11-18 02:19:49,UTC+05:30,69,62,51,33.62,98.55,8.8,2000,146,78,2025-11-17 04:23:36,2025-11-17 10:51:30,71,18.4,352,387,203,106,43,35,584,112,90,62
2025-11-16 06:45:55,2025-11-17 04:23:36,UTC+05:30,47,67,42,33.20,98.17,10.3,2068,166,81,2025-11-16 06:45:55,2025-11-16 11:45:10,69,18.5,289,299,145,89,55,10,465,79,96,46
2025-11-15 02:36:55,2025-11-16 06:45:55,UTC+05:30,78,63,49,33.50,98.09,11.3,2654,150,80,2025-11-15 02:36:55,2025-11-15 10:34:55,77,18.0,467,478,217,104,146,11,591,127,97,53
2025-11-14 06:28:24,2025-11-15 02:36:55,UTC+05:30,25,71,33,33.90,96.33,6.8,1719,150,80,2025-11-14 06:28:24,2025-11-14 11:02:53,47,18.6,260,274,118,77,65,14,595,127,95,59
2025-11-13 04:36:07,2025-11-14 06:28:24,UTC+05:30,5,70,38,34.04,98.50,8.8,1382,159,89,2025-11-13 04:36:07,2025-11-13 05:43:37,29,18.2,66,67,14,51,1,1,591,127,98,83
2025-11-12 04:33:35,2025-11-13 04:36:07,UTC+05:30,48,67,45,33.22,98.00,6.7,1991,137,78,2025-11-12 04:33:35,2025-11-12 10:52:41,77,18.9,367,379,178,102,87,12,595,127,96,83
2025-11-11 04:34:24,2025-11-12 04:33:35,UTC+05:30,87,66,56,33.00,98.40,9.0,2180,149,77,2025-11-11 04:34:24,2025-11-11 10:31:37,75,18.6,350,357,184,74,92,7,574,112,98,75
2025-11-10 03:35:14,2025-11-11 04:34:24,UTC+05:30,68,61,47,33.23,98.83,5.3,2025,149,74,2025-11-10 03:35:14,2025-11-10 10:42:36,78,16.9,410,427,201,107,102,17,585,121,96,64
2025-11-09 05:05:46,2025-11-10 03:35:14,UTC+05:30,46,65,48,32.68,96.38,7.2,2049,149,81,2025-11-09 05:05:46,2025-11-09 09:53:41,54,17.6,251,287,92,99,60,36,493,127,87,50
2025-11-08 03:11:50,2025-11-09 05:05:46,UTC+05:30,,,,,,8.5,1922,176,85,,,,,,,,,,,,,,
2025-11-07 03:25:36,2025-11-08 03:11:50,UTC+05:30,54,57,48,33.80,98.00,6.1,1168,143,85,2025-11-07 03:25:36,2025-11-07 08:48:07,65,17.6,302,322,125,102,75,20,580,97,94,79
2025-11-06 03:11:50,2025-11-07 03:25:36,UTC+05:30,64,62,47,34.50,97.59,13.0,2527,172,78,2025-11-06 03:11:50,2025-11-06 09:49:44,80,19.7,375,397,127,132,116,22,527,64,94,72
2025-11-05 00:34:17,2025-11-06 03:11:50,UTC+05:30,88,59,53,33.60,97.38,6.8,2230,150,74,2025-11-05 00:34:17,2025-11-05 09:24:27,77,18.8,491,530,243,127,121,39,591,127,92,47
2025-11-04 03:55:56,2025-11-05 00:34:17,UTC+05:30,53,58,55,33.20,96.44,6.8,1766,152,78,2025-11-04 03:55:56,2025-11-04 08:53:56,51,18.0,280,298,105,121,54,18,622,127,94,68
2025-11-03 04:11:09,2025-11-04 03:55:56,UTC+05:30,26,62,39,33.20,97.40,14.9,2850,173,84,2025-11-03 04:11:09,2025-11-03 08:15:12,39,18.6,224,244,78,107,39,20,597,127,91,62
2025-11-02 05:06:50,2025-11-03 04:11:09,UTC+05:30,49,59,44,33.25,97.40,9.6,2127,170,77,2025-11-02 05:06:50,2025-11-02 10:25:30,62,18.6,305,318,123,106,76,13,606,127,95,83
2025-11-01 05:55:03,2025-11-02 05:06:50,UTC+05:30,57,59,45,33.90,94.67,12.2,2401,182,77,2025-11-01 05:55:03,2025-11-01 11:37:36,64,18.1,315,342,132,86,97,27,606,127,92,76
2025-10-31 05:19:14,2025-11-01 05:55:03,UTC+05:30,50,62,52,33.30,100.00,12.2,2421,185,82,2025-10-31 05:19:14,2025-10-31 10:23:50,55,18.1,283,304,102,95,86,21,625,127,93,90
2025-10-30 04:40:23,2025-10-31 05:19:14,UTC+05:30,56,62,45,33.40,97.09,15.4,2965,183,83,2025-10-30 04:40:23,2025-10-30 10:19:13,68,17.8,330,338,117,115,98,8,601,127,97,73
2025-10-29 05:07:04,2025-10-30 04:40:23,UTC+05:30,42,61,37,33.20,97.63,11.1,2088,153,83,2025-10-29 05:07:04,2025-10-29 10:59:03,69,17.8,341,351,157,94,90,10,610,127,97,
2025-10-28 04:55:33,2025-10-29 05:07:04,UTC+05:30,,,,,,13.0,2215,190,86,,,,,,,,,,,,,,
2025-10-27 04:55:33,2025-10-28 04:55:33,UTC+05:30,,,,,,12.5,2171,185,89,,,,,,,,,,,,,,
2025-10-26 04:55:33,2025-10-27 04:55:33,UTC+05:30,25,64,40,33.68,96.80,4.6,2082,138,77,2025-10-26 04:55:33,2025-10-26 10:52:12,27,18.8,241,356,104,103,34,115,580,105,67,70
2025-10-25 05:42:13,2025-10-26 04:55:33,UTC+05:30,39,64,40,34.08,98.00,11.2,2305,156,81,2025-10-25 05:42:13,2025-10-25 10:24:51,66,18.3,278,282,118,102,58,4,489,22,98,54
2025-10-24 03:42:40,2025-10-25 05:42:13,UTC+05:30,95,60,56,33.56,97.40,8.6,2126,150,73,2025-10-24 03:42:40,2025-10-24 13:20:54,77,18.1,500,578,197,99,204,78,546,72,86,52
2025-10-23 02:48:13,2025-10-24 03:42:40,UTC+05:30,94,62,65,33.78,97.25,11.0,2413,169,79,2025-10-23 02:48:13,2025-10-23 09:14:18,79,18.5,358,386,195,91,72,28,502,38,93,67
2025-10-21 02:39:25,2025-10-23 02:48:13,UTC+05:30,89,62,50,33.71,96.50,7.1,2562,152,81,2025-10-21 02:39:25,2025-10-21 11:04:36,81,18.8,458,505,264,112,82,47,536,74,90,67
2025-10-20 05:02:19,2025-10-21 02:39:25,UTC+05:30,94,61,55,34.20,97.00,5.8,1803,157,76,2025-10-20 05:02:19,2025-10-20 10:32:00,82,18.5,315,329,173,67,75,14,430,43,95,
2025-10-19 03:33:45,2025-10-20 05:02:19,UTC+05:30,56,65,37,33.81,96.33,6.1,2108,143,77,2025-10-19 03:33:45,2025-10-19 10:46:13,85,18.9,396,432,187,108,101,36,463,0,91,
2025-10-17 00:00:00,2025-10-19 03:33:45,UTC+05:30,,,,,,7.0,1350,154,85,,,,,,,,,,,,,,
2025-10-13 01:08:02,2025-10-14 01:08:02,UTC+05:30,84,63,47,33.75,97.64,4.0,713,131,88,2025-10-13 01:08:02,2025-10-13 09:59:38,82,18.2,514,531,232,133,149,17,349,53,96,56
2025-10-12 00:56:07,2025-10-13 01:08:02,UTC+05:30,,,,,,6.3,2021,161,80,,,,,,,,,,,,,,
2025-10-11 00:56:07,2025-10-12 00:56:07,UTC+05:30,70,63,44,33.70,97.50,10.3,2264,156,78,2025-10-11 00:56:07,2025-10-11 09:57:20,81,19.2,506,541,236,131,139,35,589,127,93,65
2025-10-10 04:14:04,2025-10-11 00:56:07,UTC+05:30,45,67,35,33.10,97.63,5.6,1694,134,78,2025-10-10 04:14:04,2025-10-10 10:48:13,79,18.9,365,389,173,94,98,24,590,127,93,88
2025-10-09 04:37:33,2025-10-10 04:14:04,UTC+05:30,65,64,44,33.50,97.06,6.4,1877,141,79,2025-10-09 04:37:33,2025-10-09 10:43:20,76,18.6,340,365,183,95,62,25,547,72,93,80
2025-10-08 03:12:27,2025-10-09 04:37:33,UTC+05:30,72,65,43,33.81,99.00,11.4,2388,175,80,2025-10-08 03:12:27,2025-10-08 10:52:59,88,19.0,430,460,246,87,97,30,542,72,93,92
2025-10-07 02:55:35,2025-10-08 03:12:27,UTC+05:30,56,67,37,33.10,97.78,9.9,2264,164,78,2025-10-07 02:55:35,2025-10-07 10:50:29,82,18.9,445,474,259,70,116,29,558,95,93,74
2025-10-06 03:12:40,2025-10-07 02:55:35,UTC+05:30,25,70,25,33.80,96.50,6.3,1964,139,78,2025-10-06 03:12:40,2025-10-06 11:05:38,77,18.6,443,465,236,102,105,22,592,127,95,53
2025-10-04 04:33:18,2025-10-06 03:12:40,UTC+05:30,49,63,52,34.00,98.50,7.6,3239,150,81,2025-10-04 04:33:18,2025-10-04 09:06:23,46,18.4,256,271,139,65,52,15,593,127,94,59
2025-10-03 01:14:00,2025-10-04 04:33:18,UTC+05:30,37,70,38,33.90,95.80,8.1,1865,152,80,2025-10-03 01:14:00,2025-10-03 06:10:02,51,20.3,286,292,128,85,73,6,589,127,97,43
2025-10-02 04:23:38,2025-10-03 01:14:00,UTC+05:30,51,63,47,34.00,97.30,5.4,1649,135,79,2025-10-02 04:23:38,2025-10-02 08:49:55,57,18.6,258,266,143,70,45,8,543,79,97,
2025-10-01 02:22:26,2025-10-02 04:23:38,UTC+05:30,,,,,,6.8,1551,159,81,,,,,,,,,,,,,,
2025-09-30 02:22:26,2025-10-01 02:22:26,UTC+05:30,,,,,,5.1,1442,134,82,,,,,,,,,,,,,,
2025-09-29 02:22:26,2025-09-30 02:22:26,UTC+05:30,59,67,39,34.44,95.72,4.1,1361,125,80,2025-09-29 02:22:26,2025-09-29 10:26:27,78,18.9,444,484,196,127,121,40,569,104,91,60
2025-09-28 02:59:38,2025-09-29 02:22:26,UTC+05:30,66,69,42,34.64,96.30,7.6,1974,149,79,2025-09-28 02:59:38,2025-09-28 10:35:47,76,19.1,431,453,241,72,118,22,593,127,95,51
2025-09-27 01:52:28,2025-09-28 02:59:38,UTC+05:30,,,,,,8.1,1553,153,86,,,,,,,,,,,,,,
2025-09-26 01:52:28,2025-09-27 01:52:28,UTC+05:30,4,69,31,34.80,95.75,6.1,1945,135,76,2025-09-26 01:52:28,2025-09-26 04:07:32,28,18.4,117,131,73,40,4,14,597,125,89,72
2025-09-25 03:00:43,2025-09-26 01:52:28,UTC+05:30,76,60,53,34.30,96.90,10.4,2122,159,78,2025-09-25 03:00:43,2025-09-25 09:52:10,67,18.6,354,410,196,82,76,56,606,127,86,65
2025-09-24 02:34:10,2025-09-25 03:00:43,UTC+05:30,70,63,48,34.51,95.73,12.0,2356,167,79,2025-09-24 02:34:10,2025-09-24 09:14:33,72,19.1,376,399,166,108,102,23,592,127,94,52
2025-09-23 04:18:11,2025-09-24 02:34:10,UTC+05:30,24,62,47,34.50,97.80,7.6,1893,146,81,2025-09-23 04:18:11,2025-09-23 08:03:08,30,19.6,200,224,135,54,11,24,586,121,89,51
2025-09-22 03:52:37,2025-09-23 04:18:11,UTC+05:30,,,,,,7.8,1648,143,82,,,,,,,,,,,,,,
2025-09-21 05:23:34,2025-09-22 03:52:37,UTC+05:30,38,66,35,34.88,94.91,4.9,1855,135,79,2025-09-21 05:23:34,2025-09-21 10:36:00,69,19.3,303,310,116,83,104,7,546,80,98,73
2025-09-20 03:52:37,2025-09-21 05:23:34,UTC+05:30,63,64,43,34.53,96.25,8.2,1894,153,78,2025-09-20 03:52:37,2025-09-20 11:06:39,85,19.5,414,434,227,92,95,20,539,77,95,85
2025-09-19 04:24:44,2025-09-20 03:52:37,UTC+05:30,86,60,53,34.30,97.60,5.9,1563,142,72,2025-09-19 04:24:44,2025-09-19 11:20:59,82,18.8,388,416,217,71,100,28,508,46,93,77
2025-09-18 01:58:32,2025-09-19 04:24:44,UTC+05:30,64,65,42,34.20,97.15,5.5,2082,147,75,2025-09-18 01:58:32,2025-09-18 10:59:17,81,18.9,480,538,193,155,132,58,552,88,89,67
2025-09-17 03:03:54,2025-09-18 01:58:32,UTC+05:30,66,62,44,34.20,99.07,7.0,1899,151,75,2025-09-17 03:03:54,2025-09-17 10:58:48,78,19.3,445,473,262,83,100,28,583,119,94,59
2025-09-16 04:55:30,2025-09-17 03:03:54,UTC+05:30,73,62,51,34.70,96.50,7.3,1888,154,75,2025-09-16 04:55:30,2025-09-16 11:03:41,72,19.2,349,367,162,90,97,18,587,127,95,
2025-09-14 02:47:38,2025-09-16 04:55:30,UTC+05:30,,,,,,1.6,528,115,78,,,,,,,,,,,,,,
2025-09-13 04:37:54,2025-09-14 02:47:38,UTC+05:30,57,62,44,34.37,96.71,5.3,1452,139,76,2025-09-13 04:37:54,2025-09-13 11:37:02,80,19.5,371,416,175,89,107,45,592,127,89,90
2025-09-12 04:23:12,2025-09-13 04:37:54,UTC+05:30,,,,,,7.6,1165,150,80,,,,,,,,,,,,,,
2025-09-11 04:23:12,2025-09-12 04:23:12,UTC+05:30,81,60,51,34.67,98.17,6.5,1788,142,76,2025-09-11 04:23:12,2025-09-11 11:07:56,81,19.5,378,404,190,104,84,26,590,127,93,90
2025-09-10 04:28:57,2025-09-11 04:23:12,UTC+05:30,42,65,39,34.50,97.67,6.3,1945,147,75,2025-09-10 04:28:57,2025-09-10 10:45:47,74,19.6,348,376,174,76,98,28,598,127,92,85
2025-09-09 04:42:28,2025-09-10 04:28:57,UTC+05:30,69,57,47,34.30,97.68,10.0,2182,164,78,2025-09-09 04:42:28,2025-09-09 11:19:29,78,18.3,377,397,190,97,90,20,597,127,94,83
2025-09-08 05:39:36,2025-09-09 04:42:28,UTC+05:30,60,58,47,33.80,97.20,9.7,2115,168,74,2025-09-08 05:39:36,2025-09-08 11:30:58,69,18.4,333,351,133,117,83,18,593,127,95,75
2025-09-07 04:49:35,2025-09-08 05:39:36,UTC+05:30,48,60,42,33.86,97.78,8.0,2101,168,73,2025-09-07 04:49:35,2025-09-07 10:11:38,62,18.9,306,317,170,96,40,11,593,127,96,68
2025-09-06 03:37:31,2025-09-07 04:49:35,UTC+05:30,54,61,39,33.50,94.42,8.0,2138,147,79,2025-09-06 03:37:31,2025-09-06 11:04:32,76,18.6,425,443,245,81,99,18,629,127,96,61
2025-09-05 06:42:32,2025-09-06 03:37:31,UTC+05:30,40,62,40,33.40,98.25,15.9,2429,178,82,2025-09-05 06:42:32,2025-09-05 12:12:16,51,18.3,277,329,169,64,44,52,560,61,84,63
2025-09-04 03:24:00,2025-09-05 06:42:32,UTC+05:30,,,,,,15.5,2385,184,84,,,,,,,,,,,,,,
2025-09-03 04:43:08,2025-09-04 03:24:00,UTC+05:30,94,60,58,32.59,97.75,8.2,1842,171,80,2025-09-03 04:43:08,2025-09-03 11:15:21,81,18.3,377,392,228,76,73,15,473,78,96,69
2025-09-02 04:49:41,2025-09-03 04:43:08,UTC+05:30,64,63,44,33.26,97.54,8.1,2068,159,76,2025-09-02 04:49:41,2025-09-02 12:22:28,82,19.3,420,452,230,115,75,32,542,76,92,73
2025-09-01 03:42:28,2025-09-02 04:49:41,UTC+05:30,73,61,48,33.39,97.47,8.3,2197,153,77,2025-09-01 03:42:28,2025-09-01 11:59:57,81,17.6,460,497,260,115,85,37,579,86,92,70
2025-08-31 04:00:11,2025-09-01 03:42:28,UTC+05:30,86,65,53,33.90,97.88,14.6,2365,181,82,2025-08-31 04:00:11,2025-08-31 10:30:29,77,19.1,352,388,212,63,77,36,487,86,90,55
2025-08-30 03:37:24,2025-08-31 04:00:11,UTC+05:30,50,65,39,33.20,98.53,6.4,1992,145,76,2025-08-30 03:37:24,2025-08-30 12:31:18,77,19.0,484,531,237,123,124,47,618,127,91,53
2025-08-29 07:51:12,2025-08-30 03:37:24,UTC+05:30,28,60,44,33.50,97.17,14.3,2172,181,82,2025-08-29 07:51:12,2025-08-29 11:36:37,39,18.5,221,225,121,71,29,4,595,127,98,68
2025-08-28 06:42:42,2025-08-29 07:51:12,UTC+05:30,33,61,40,33.70,98.70,8.7,2213,149,77,2025-08-28 06:42:42,2025-08-28 11:00:20,51,19.3,248,256,137,61,50,8,554,88,96,67
2025-08-27 04:37:05,2025-08-28 06:42:42,UTC+05:30,93,63,60,33.49,97.64,8.1,2219,149,76,2025-08-27 04:37:05,2025-08-27 11:37:11,79,18.3,392,419,209,98,85,27,529,121,93,65
2025-08-26 06:30:04,2025-08-27 04:37:05,UTC+05:30,33,65,36,32.68,100.00,8.3,1966,159,79,2025-08-26 06:30:04,2025-08-26 11:29:03,62,18.9,279,295,90,123,66,16,522,114,94,61
2025-08-25 04:53:03,2025-08-26 06:30:04,UTC+05:30,91,60,54,33.41,98.00,8.5,2200,156,78,2025-08-25 04:53:03,2025-08-25 11:32:57,79,18.6,361,399,187,86,88,38,540,73,90,76
2025-08-24 03:18:28,2025-08-25 04:53:03,UTC+05:30,64,65,42,33.80,98.60,8.3,2194,147,77,2025-08-24 03:18:28,2025-08-24 10:44:02,82,18.9,431,445,262,75,94,14,545,78,96,74
2025-08-23 03:25:08,2025-08-24 03:18:28,UTC+05:30,84,65,48,34.00,96.42,8.8,2053,146,80,2025-08-23 03:25:08,2025-08-23 11:44:32,80,18.7,472,497,250,98,124,25,594,127,95,66
2025-08-22 07:04:35,2025-08-23 03:25:08,UTC+05:30,35,65,44,34.63,97.75,8.2,1829,155,79,2025-08-22 07:04:35,2025-08-22 11:13:06,43,19.2,237,246,124,55,58,9,593,127,96,69
2025-08-21 04:17:24,2025-08-22 07:04:35,UTC+05:30,69,64,43,34.30,97.23,7.9,2138,163,79,2025-08-21 04:17:24,2025-08-21 11:00:40,80,19.3,387,401,171,90,126,14,599,127,96,82
2025-08-20 05:27:23,2025-08-21 04:17:24,UTC+05:30,34,70,34,34.20,97.17,10.4,2123,165,83,2025-08-20 05:27:23,2025-08-20 10:37:54,64,19.0,305,310,133,80,92,5,596,127,98,83
2025-08-19 05:21:00,2025-08-20 05:27:23,UTC+05:30,35,68,34,33.90,97.60,9.1,2138,154,80,2025-08-19 05:21:00,2025-08-19 10:41:36,67,19.1,307,316,131,111,65,9,573,105,97,76
2025-08-18 03:15:11,2025-08-19 05:21:00,UTC+05:30,60,65,40,33.60,98.00,9.0,2294,157,77,2025-08-18 03:15:11,2025-08-18 10:49:25,80,19.0,426,454,191,104,131,28,590,117,93,70
2025-08-17 04:23:26,2025-08-18 03:15:11,UTC+05:30,38,69,37,33.92,98.25,10.8,2182,179,81,2025-08-17 04:23:26,2025-08-17 09:59:54,63,18.9,292,336,162,76,54,44,527,127,87,67
2025-08-16 04:49:20,2025-08-17 04:23:26,UTC+05:30,29,69,31,33.50,97.75,8.3,2009,149,81,2025-08-16 04:49:20,2025-08-16 10:36:22,75,19.8,334,345,167,89,78,11,540,74,96,72
2025-08-15 04:56:30,2025-08-16 04:49:20,UTC+05:30,60,62,46,33.21,96.56,8.1,1988,144,81,2025-08-15 04:56:30,2025-08-15 11:09:29,78,17.9,353,367,173,97,83,14,469,75,96,61
2025-08-14 03:17:36,2025-08-15 04:56:30,UTC+05:30,84,65,55,33.89,98.30,9.5,2249,163,79,2025-08-14 03:17:36,2025-08-14 10:51:50,77,18.4,412,454,205,108,99,42,529,127,90,52
2025-08-13 06:57:00,2025-08-14 03:17:36,UTC+05:30,16,73,29,34.62,98.00,7.6,1722,148,82,2025-08-13 06:57:00,2025-08-13 11:24:43,42,19.5,251,267,79,81,91,16,598,127,94,70
2025-08-12 06:28:00,2025-08-13 06:57:00,UTC+05:30,41,62,50,33.90,98.30,10.0,2241,155,81,2025-08-12 06:28:00,2025-08-12 10:48:00,48,19.0,246,260,137,74,35,14,574,110,94,69
2025-08-11 03:23:09,2025-08-12 06:28:00,UTC+05:30,34,68,35,34.09,98.64,6.5,2034,151,74,2025-08-11 03:23:09,2025-08-11 09:59:13,73,19.2,372,395,212,87,73,23,593,127,94,61
2025-08-10 05:58:14,2025-08-11 03:23:09,UTC+05:30,61,60,52,33.40,96.30,8.1,1854,142,78,2025-08-10 05:58:14,2025-08-10 11:09:13,59,18.9,268,310,133,81,54,42,526,123,86,70
2025-08-09 05:18:37,2025-08-10 05:58:14,UTC+05:30,78,61,55,34.32,97.00,7.3,2040,144,76,2025-08-09 05:18:37,2025-08-09 10:53:10,69,19.0,313,331,155,86,72,18,559,96,94,74
2025-08-08 05:04:06,2025-08-09 05:18:37,UTC+05:30,83,60,53,34.60,98.40,6.1,1983,158,77,2025-08-08 05:04:06,2025-08-08 10:28:04,71,19.0,292,323,165,53,74,31,485,84,90,64
2025-08-07 04:17:42,2025-08-08 05:04:06,UTC+05:30,47,66,39,34.30,97.06,7.2,2076,148,77,2025-08-07 04:17:42,2025-08-07 10:23:00,81,18.9,349,365,164,76,109,16,481,17,96,74
2025-08-06 02:57:48,2025-08-07 04:17:42,UTC+05:30,75,61,46,34.00,97.37,6.5,1946,147,77,2025-08-06 02:57:48,2025-08-06 10:54:37,86,18.1,448,476,283,105,60,28,476,0,94,76
2025-08-05 01:59:48,2025-08-06 02:57:48,UTC+05:30,76,63,46,33.88,98.60,11.4,2388,167,81,2025-08-05 01:59:48,2025-08-05 10:13:55,85,19.2,469,490,263,94,112,21,465,77,95,67
2025-08-04 03:45:49,2025-08-05 01:59:48,UTC+05:30,53,65,41,34.49,95.73,4.2,1720,122,75,2025-08-04 03:45:49,2025-08-04 10:11:18,80,19.2,357,381,195,80,82,24,478,12,93,68
2025-08-03 02:33:38,2025-08-04 03:45:49,UTC+05:30,66,66,45,34.10,96.88,7.7,2105,146,78,2025-08-03 02:33:38,2025-08-03 11:06:02,84,18.6,470,509,233,99,138,39,490,23,92,65
2025-08-02 01:14:39,2025-08-03 02:33:38,UTC+05:30,62,65,42,34.26,97.39,8.2,2162,139,77,2025-08-02 01:14:39,2025-08-02 09:42:43,88,19.1,508,508,163,345,0,0,544,84,100,79
2025-08-01 00:55:47,2025-08-02 01:14:39,UTC+05:30,43,69,32,33.50,95.34,2.3,977,116,68,2025-08-01 00:55:47,2025-08-01 09:46:26,77,18.8,459,523,192,139,128,64,590,127,87,66
2025-07-31 01:43:15,2025-08-01 00:55:47,UTC+05:30,78,58,50,33.88,95.44,5.5,1830,138,71,2025-07-31 01:43:15,2025-07-31 08:13:04,75,18.3,369,385,205,93,71,16,601,126,95,72
2025-07-30 01:56:57,2025-07-31 01:43:15,UTC+05:30,79,60,54,32.60,97.50,11.1,2252,157,79,2025-07-30 01:56:57,2025-07-30 07:22:50,65,18.3,318,325,169,98,51,7,571,103,97,55
2025-07-29 02:19:28,2025-07-30 01:56:57,UTC+05:30,65,62,45,34.70,98.00,8.5,2060,161,77,2025-07-29 02:19:28,2025-07-29 07:59:47,66,18.9,307,340,191,62,54,33,514,47,90,42
2025-07-28 02:55:17,2025-07-29 02:19:28,UTC+05:30,70,60,43,34.30,94.13,8.3,1892,147,80,2025-07-28 02:55:17,2025-07-28 11:00:45,75,18.6,454,483,257,103,94,29,528,55,94,36
2025-07-27 02:45:00,2025-07-28 02:55:17,UTC+05:30,,,,,,10.7,1742,151,86,,,,,,,,,,,,,,
2025-07-26 04:43:24,2025-07-27 02:45:00,UTC+05:30,43,69,40,34.60,94.78,4.1,1202,126,80,2025-07-26 04:43:24,2025-07-26 15:30:22,58,19.5,461,640,223,137,101,179,571,100,71,49
2025-07-25 04:38:00,2025-07-26 04:43:24,UTC+05:30,,,,,,10.0,1773,159,90,,,,,,,,,,,,,,
2025-07-24 03:46:22,2025-07-25 04:38:00,UTC+05:30,91,62,55,34.10,96.11,10.9,2524,163,84,2025-07-24 03:46:22,2025-07-24 11:52:39,81,18.5,442,486,263,106,73,44,598,127,90,71
2025-07-23 06:51:08,2025-07-24 03:46:22,UTC+05:30,52,62,50,34.20,97.75,9.8,1964,157,80,2025-07-23 06:51:08,2025-07-23 11:57:39,54,18.9,280,306,167,68,45,26,593,127,92,65
2025-07-22 04:34:41,2025-07-23 06:51:08,UTC+05:30,58,65,43,33.90,95.83,7.4,2179,149,79,2025-07-22 04:34:41,2025-07-22 10:48:48,71,19.4,335,374,159,89,87,39,599,127,89,85
2025-07-21 05:33:38,2025-07-22 04:34:41,UTC+05:30,65,61,48,34.10,96.50,10.1,2132,152,81,2025-07-21 05:33:38,2025-07-21 11:11:44,64,18.5,315,338,151,63,101,21,595,127,94,71
2025-07-20 04:27:16,2025-07-21 05:33:38,UTC+05:30,70,67,46,34.00,95.50,8.7,2186,166,81,2025-07-20 04:27:16,2025-07-20 10:29:48,72,18.9,346,362,182,92,72,15,587,112,95,
2025-07-19 03:04:00,2025-07-20 04:27:16,UTC+05:30,,,,,,10.9,2063,153,85,,,,,,,,,,,,,,
2025-07-18 02:35:24,2025-07-19 03:04:00,UTC+05:30,79,65,47,34.20,95.67,4.0,1849,127,74,2025-07-18 02:35:24,2025-07-18 10:04:26,73,19.2,414,449,221,79,114,35,590,127,92,39
2025-07-17 07:56:12,2025-07-18 02:35:24,UTC+05:30,13,70,31,33.90,97.00,5.5,1258,144,84,2025-07-17 07:56:12,2025-07-17 11:12:59,30,18.8,183,196,51,69,63,13,609,127,93,67
2025-07-16 03:50:00,2025-07-17 07:56:12,UTC+05:30,,,,,,12.7,2436,182,84,,,,,,,,,,,,,,
2025-07-15 05:52:46,2025-07-16 03:50:00,UTC+05:30,51,61,43,34.10,96.92,8.3,2068,154,80,2025-07-15 05:52:46,2025-07-15 11:26:58,63,19.0,312,334,166,86,60,22,600,127,93,
2025-07-14 00:00:00,2025-07-15 05:52:46,UTC+05:30,,,,,,10.3,1667,156,87,,,,,,,,,,,,,,
2025-07-12 07:14:47,2025-07-14 00:00:00,UTC+05:30,46,60,49,34.66,96.31,11.4,3268,183,83,2025-07-12 07:14:47,2025-07-12 11:24:44,54,19.2,240,249,96,70,74,9,496,8,96,52
2025-07-11 02:02:39,2025-07-12 07:14:47,UTC+05:30,82,65,47,34.12,97.85,13.6,2859,189,78,2025-07-11 02:02:39,2025-07-11 10:54:16,84,19.1,502,531,263,103,136,29,516,52,94,69
2025-07-10 05:02:05,2025-07-11 02:02:39,UTC+05:30,94,60,52,33.77,96.64,6.4,1731,167,77,2025-07-10 05:02:05,2025-07-10 10:55:51,79,18.4,323,343,229,64,30,20,404,0,94,60
2025-07-09 03:26:43,2025-07-10 05:02:05,UTC+05:30,98,62,54,34.13,97.89,8.7,2197,156,78,2025-07-09 03:26:43,2025-07-09 10:54:41,87,18.7,394,445,173,100,121,51,317,127,88,74
2025-07-08 02:08:18,2025-07-09 03:26:43,UTC+05:30,15,73,50,34.20,98.00,7.9,1888,163,80,2025-07-08 02:08:18,2025-07-08 03:51:09,26,19.5,92,102,30,48,14,10,533,56,90,64
2025-07-07 02:01:57,2025-07-08 02:08:18,UTC+05:30,96,65,51,34.21,96.08,11.5,2339,167,81,2025-07-07 02:01:57,2025-07-07 10:50:41,85,18.8,494,526,282,92,120,32,583,121,94,80
2025-07-06 03:11:09,2025-07-07 02:01:57,UTC+05:30,92,65,50,34.40,95.33,4.4,1403,140,77,2025-07-06 03:11:09,2025-07-06 10:55:28,76,18.7,393,459,239,61,93,66,581,117,85,
2025-07-04 03:28:59,2025-07-06 03:11:09,UTC+05:30,79,66,48,34.20,94.00,6.8,3179,142,82,2025-07-04 03:28:59,2025-07-04 09:11:42,70,19.0,317,339,184,68,65,22,552,88,93,
2025-07-03 02:23:50,2025-07-04 03:28:59,UTC+05:30,80,70,43,34.38,96.29,6.5,1689,148,80,2025-07-03 02:23:50,2025-07-03 10:52:51,83,18.9,454,507,237,91,126,53,591,127,89,
2025-07-02 00:00:00,2025-07-03 02:23:50,UTC+05:30,,,,,,6.5,629,151,91,,,,,,,,,,,,,,
2025-06-25 03:44:29,2025-06-26 03:44:29,UTC+05:30,79,61,47,34.40,94.83,5.4,2187,140,76,2025-06-25 03:44:29,2025-06-25 10:36:24,75,18.8,384,407,245,78,61,23,590,127,94,63
2025-06-24 04:03:56,2025-06-25 03:44:29,UTC+05:30,59,70,41,34.31,98.30,4.8,1488,150,76,2025-06-24 04:03:56,2025-06-24 10:23:40,64,19.1,344,376,131,115,98,32,606,127,91,47
2025-06-22 05:47:16,2025-06-24 04:03:56,UTC+05:30,62,65,44,34.92,97.50,12.0,2863,183,85,2025-06-22 05:47:16,2025-06-22 11:06:25,69,19.2,306,315,138,53,115,9,544,127,97,
2025-06-21 00:00:00,2025-06-22 05:47:16,UTC+05:30,,,,,,11.5,1532,191,82,,,,,,,,,,,,,,
2025-06-19 02:33:50,2025-06-21 00:00:00,UTC+05:30,20,65,46,34.54,97.67,8.3,1454,149,82,2025-06-19 02:33:50,2025-06-19 05:28:48,29,19.3,153,172,83,47,23,19,588,94,89,
2025-06-18 00:00:00,2025-06-19 02:33:50,UTC+05:30,,,,,,14.7,2001,181,91,,,,,,,,,,,,,,
2025-06-17 00:00:00,2025-06-18 00:00:00,UTC+05:30,,,,,,6.3,400,144,88,,,,,,,,,,,,,,
2025-06-15 01:10:42,2025-06-17 00:00:00,UTC+05:30,89,63,52,34.50,96.67,4.0,1402,125,84,2025-06-15 01:10:42,2025-06-15 10:02:47,76,19.2,444,528,253,84,107,84,591,127,84,70
2025-06-14 03:13:32,2025-06-15 01:10:42,UTC+05:30,80,63,47,33.60,97.57,6.5,1795,140,77,2025-06-14 03:13:32,2025-06-14 09:58:15,77,18.7,360,403,178,88,94,43,585,123,89,82
2025-06-13 02:46:02,2025-06-14 03:13:32,UTC+05:30,82,61,46,33.31,96.71,4.9,1919,154,77,2025-06-13 02:46:02,2025-06-13 09:49:58,76,18.3,398,423,229,100,69,25,590,127,94,59
2025-06-12 04:56:26,2025-06-13 02:46:02,UTC+05:30,32,62,45,33.55,97.29,5.6,1761,143,78,2025-06-12 04:56:26,2025-06-12 08:46:12,35,18.6,211,229,102,81,28,18,592,127,92,58
2025-06-11 01:42:41,2025-06-12 04:56:26,UTC+05:30,,,,,,6.9,1481,145,82,,,,,,,,,,,,,,
2025-06-10 02:48:37,2025-06-11 01:42:41,UTC+05:30,36,72,34,35.84,97.00,5.0,1604,138,80,2025-06-10 02:48:37,2025-06-10 10:01:42,71,18.5,379,433,198,91,90,54,612,127,87,62
2025-06-09 01:42:41,2025-06-10 02:48:37,UTC+05:30,77,63,46,33.96,96.17,13.2,2335,186,80,2025-06-09 01:42:41,2025-06-09 08:20:12,71,18.6,366,394,161,110,95,28,592,127,92,53
2025-06-08 05:42:33,2025-06-09 01:42:41,UTC+05:30,33,69,32,35.31,96.60,6.5,1656,154,82,2025-06-08 05:42:33,2025-06-08 10:50:10,49,18.7,292,306,168,68,56,14,602,127,95,36
2025-06-07 02:09:39,2025-06-08 05:42:33,UTC+05:30,31,67,38,35.10,97.33,10.9,2531,158,85,2025-06-07 02:09:39,2025-06-07 06:06:09,30,19.1,189,233,114,46,29,44,463,0,81,48
2025-06-06 00:31:13,2025-06-07 02:09:39,UTC+05:30,74,66,42,34.40,96.04,6.2,2040,132,79,2025-06-06 00:31:13,2025-06-06 09:28:35,73,18.3,456,536,276,75,105,80,428,127,84,37
2025-06-05 00:45:01,2025-06-06 00:31:13,UTC+05:30,35,67,38,34.60,96.57,8.9,2092,164,80,2025-06-05 00:45:01,2025-06-05 05:54:05,39,18.9,272,303,122,66,84,31,619,127,89,25
2025-06-04 06:03:47,2025-06-05 00:45:01,UTC+05:30,37,66,42,34.20,98.50,14.3,1825,183,84,2025-06-04 06:03:47,2025-06-04 10:01:14,47,19.7,220,232,104,73,43,12,521,127,95,
2025-06-02 00:00:00,2025-06-04 06:03:47,UTC+05:30,,,,,,5.1,1730,135,72,,,,,,,,,,,,,,
2025-05-31 02:39:10,2025-06-01 02:39:10,UTC+05:30,83,66,55,34.50,94.92,0.5,502,110,64,2025-05-31 02:39:10,2025-05-31 09:10:51,72,19.2,348,391,193,101,54,43,591,127,89,75
2025-05-30 03:10:44,2025-05-31 02:39:10,UTC+05:30,88,66,48,34.85,98.75,6.3,1887,145,79,2025-05-30 03:10:44,2025-05-30 10:16:07,75,19.1,369,425,211,46,112,56,586,117,86,77
2025-05-29 02:45:21,2025-05-30 03:10:44,UTC+05:30,51,69,34,35.01,94.75,8.8,2150,157,81,2025-05-29 02:45:21,2025-05-29 10:44:35,75,18.9,411,477,207,72,132,66,595,127,86,63
2025-05-28 05:28:45,2025-05-29 02:45:21,UTC+05:30,27,68,31,34.80,95.89,8.4,1871,158,80,2025-05-28 05:28:45,2025-05-28 10:03:42,48,20.0,259,274,104,81,74,15,617,127,95,75
2025-05-27 05:00:54,2025-05-28 05:28:45,UTC+05:30,39,64,44,34.70,96.00,13.9,2580,183,82,2025-05-27 05:00:54,2025-05-27 08:57:52,40,18.3,226,233,156,48,22,7,594,125,98,68
2025-05-26 02:17:58,2025-05-27 05:00:54,UTC+05:30,70,69,38,34.40,98.46,9.0,2341,155,81,2025-05-26 02:17:58,2025-05-26 09:02:12,75,19.1,393,404,192,97,104,11,589,127,97,67
2025-05-25 05:29:25,2025-05-26 02:17:58,UTC+05:30,49,65,43,34.53,96.60,4.5,1616,124,78,2025-05-25 05:29:25,2025-05-25 10:17:20,55,19.0,275,284,109,93,73,9,598,127,96,78
2025-05-24 03:33:19,2025-05-25 05:29:25,UTC+05:30,60,71,37,34.80,97.17,9.8,2299,157,84,2025-05-24 03:33:19,2025-05-24 10:32:56,76,19.2,384,419,181,102,101,35,603,127,91,
2025-05-23 04:22:18,2025-05-24 03:33:19,UTC+05:30,56,69,37,34.37,98.11,11.2,2251,161,82,2025-05-23 04:22:18,2025-05-23 10:30:30,70,19.4,344,368,173,75,96,24,598,127,93,
2025-05-22 00:00:00,2025-05-23 04:22:18,UTC+05:30,,,,,,9.8,1261,163,90,,,,,,,,,,,,,,
2025-05-20 05:29:19,2025-05-22 00:00:00,UTC+05:30,33,63,41,35.20,96.63,4.5,2095,128,80,2025-05-20 05:29:19,2025-05-20 09:39:44,43,19.3,231,246,136,62,33,15,599,127,94,77
2025-05-19 05:12:15,2025-05-20 05:29:19,UTC+05:30,56,65,40,34.99,96.30,10.0,2024,159,82,2025-05-19 05:12:15,2025-05-19 10:53:03,68,19.8,327,340,175,83,69,13,591,127,96,
2025-05-18 03:55:35,2025-05-19 05:12:15,UTC+05:30,89,61,51,34.79,95.13,5.8,2017,160,75,2025-05-18 03:55:35,2025-05-18 10:41:45,76,19.5,374,402,226,51,97,28,590,127,93,
2025-05-17 00:00:00,2025-05-18 03:55:35,UTC+05:30,,,,,,5.5,619,146,84,,,,,,,,,,,,,,
2025-05-07 05:29:36,2025-05-08 05:29:36,UTC+05:30,29,62,38,33.91,97.33,5.9,1006,156,80,2025-05-07 05:29:36,2025-05-07 10:27:55,49,18.0,262,298,89,105,68,36,593,127,88,74
2025-05-06 04:30:39,2025-05-07 05:29:36,UTC+05:30,26,67,33,34.05,93.90,7.2,1753,150,79,2025-05-06 04:30:39,2025-05-06 09:44:31,56,18.6,284,313,138,71,75,29,599,115,90,75
2025-05-05 04:40:52,2025-05-06 04:30:39,UTC+05:30,68,60,40,33.66,99.00,13.0,2383,175,78,2025-05-05 04:40:52,2025-05-05 12:26:38,69,18.2,405,461,221,98,86,56,584,120,87,63
2025-05-04 04:09:40,2025-05-05 04:40:52,UTC+05:30,68,60,40,33.60,96.86,6.1,1985,148,75,2025-05-04 04:09:40,2025-05-04 10:15:27,64,18.8,339,365,174,87,78,26,527,127,92,69
2025-05-03 04:48:07,2025-05-04 04:09:40,UTC+05:30,54,60,43,33.20,96.75,7.7,2005,156,77,2025-05-03 04:48:07,2025-05-03 10:09:12,50,18.7,293,321,134,95,64,28,592,127,91,77
2025-05-02 04:50:22,2025-05-03 04:48:07,UTC+05:30,53,64,42,34.64,99.00,6.9,1997,152,77,2025-05-02 04:50:22,2025-05-02 09:55:35,51,19.7,300,305,183,77,40,5,591,127,98,65
2025-05-01 03:34:27,2025-05-02 04:50:22,UTC+05:30,43,67,35,34.60,95.46,6.0,1668,146,78,2025-05-01 03:34:27,2025-05-01 09:31:35,54,19.2,319,355,136,96,87,36,589,127,89,62
2025-04-30 03:51:15,2025-05-01 03:34:27,UTC+05:30,5,72,29,34.31,95.00,4.0,1057,117,79,2025-04-30 03:51:15,2025-04-30 05:58:08,20,20.6,119,126,31,55,33,7,600,126,94,61
2025-04-29 04:04:16,2025-04-30 03:51:15,UTC+05:30,51,66,40,34.34,97.50,10.8,2156,168,80,2025-04-29 04:04:16,2025-04-29 10:48:01,65,19.0,360,390,148,95,117,30,557,127,92,51
2025-04-28 04:19:09,2025-04-29 04:04:16,UTC+05:30,5,62,29,34.50,94.00,15.6,2573,176,82,2025-04-28 04:19:09,2025-04-28 05:48:52,14,18.3,81,89,29,40,12,8,593,117,90,72
2025-04-27 02:20:26,2025-04-28 04:19:09,UTC+05:30,71,65,44,34.84,97.13,11.3,2409,184,80,2025-04-27 02:20:26,2025-04-27 09:46:29,69,19.0,413,442,215,71,127,29,595,127,93,71
2025-04-26 05:04:02,2025-04-27 02:20:26,UTC+05:30,36,68,35,35.03,97.00,8.5,1879,164,78,2025-04-26 05:04:02,2025-04-26 10:40:30,52,19.0,306,336,159,83,64,30,589,125,91,62
2025-04-25 01:26:34,2025-04-26 05:04:02,UTC+05:30,81,64,47,34.90,96.62,5.6,2186,140,78,2025-04-25 01:26:34,2025-04-25 08:53:35,67,18.8,396,447,218,74,104,51,592,127,88,65
2025-04-24 02:55:04,2025-04-25 01:26:34,UTC+05:30,53,66,39,34.88,97.17,6.9,1894,154,79,2025-04-24 02:55:04,2025-04-24 10:15:21,62,18.8,368,438,176,102,90,70,594,127,84,64
2025-04-23 03:23:18,2025-04-24 02:55:04,UTC+05:30,61,64,42,34.90,98.00,7.9,2001,145,81,2025-04-23 03:23:18,2025-04-23 09:59:50,57,18.3,340,391,155,93,92,51,600,127,86,54
2025-04-22 04:43:39,2025-04-23 03:23:18,UTC+05:30,69,65,49,34.90,96.33,10.2,2129,168,80,2025-04-22 04:43:39,2025-04-22 10:16:16,53,19.0,318,332,157,71,90,14,599,127,95,50
2025-04-21 00:16:18,2025-04-22 04:43:39,UTC+05:30,,,,,,10.0,2401,168,79,,,,,,,,,,,,,,
2025-04-20 08:45:44,2025-04-21 00:16:18,UTC+05:30,12,72,28,34.61,96.67,8.0,1396,167,84,2025-04-20 08:45:44,2025-04-20 11:52:43,33,20.0,180,184,61,62,57,4,543,65,97,35
2025-04-19 02:41:03,2025-04-20 08:45:44,UTC+05:30,58,68,37,34.50,97.45,11.6,2812,162,83,2025-04-19 02:41:03,2025-04-19 10:54:13,81,19.2,432,490,269,77,86,58,534,69,88,68
2025-04-18 03:47:12,2025-04-19 02:41:03,UTC+05:30,68,62,41,34.88,97.00,6.9,1911,151,80,2025-04-18 03:47:12,2025-04-18 09:18:51,74,19.2,310,327,142,103,65,17,418,127,94,69
2025-04-17 03:08:36,2025-04-18 03:47:12,UTC+05:30,6,68,35,34.70,96.50,6.1,1974,148,77,2025-04-17 03:08:36,2025-04-17 04:11:34,10,18.3,57,62,31,23,3,5,586,118,92,62
2025-04-16 01:24:32,2025-04-17 03:08:36,UTC+05:30,54,69,37,34.70,96.69,8.8,2241,147,79,2025-04-16 01:24:32,2025-04-16 10:11:20,69,19.3,415,526,196,125,94,111,599,127,78,58
2025-04-15 02:50:25,2025-04-16 01:24:32,UTC+05:30,46,69,36,34.40,97.00,9.9,2105,164,79,2025-04-15 02:50:25,2025-04-15 09:34:39,57,19.4,335,400,144,96,95,65,592,127,83,58
2025-04-14 02:32:05,2025-04-15 02:50:25,UTC+05:30,74,61,46,34.30,95.25,7.0,2012,160,75,2025-04-14 02:32:05,2025-04-14 09:16:20,62,18.8,365,404,174,103,88,39,590,127,90,
2025-04-13 00:00:00,2025-04-14 02:32:05,UTC+05:30,,,,,,5.5,734,139,97,,,,,,,,,,,,,,
2025-04-12 00:00:00,2025-04-13 00:00:00,UTC+05:30,,,,,,4.9,1397,148,93,,,,,,,,,,,,,,
2025-04-09 05:37:27,2025-04-10 05:37:27,UTC+05:30,23,63,34,34.50,95.14,4.5,820,150,77,2025-04-09 05:37:27,2025-04-09 10:29:13,44,19.0,261,284,129,81,51,23,591,126,91,74
2025-04-08 04:44:53,2025-04-09 05:37:27,UTC+05:30,79,64,51,34.66,97.50,7.0,2063,144,77,2025-04-08 04:44:53,2025-04-08 10:42:01,62,19.1,324,352,184,83,57,28,521,126,92,74
2025-04-07 04:50:05,2025-04-08 04:44:53,UTC+05:30,57,65,46,34.50,98.25,8.2,2094,164,78,2025-04-07 04:50:05,2025-04-07 10:23:11,55,18.6,313,329,182,85,46,16,566,103,95,73
2025-04-06 05:04:49,2025-04-07 04:50:05,UTC+05:30,78,64,47,34.31,97.00,5.3,1242,162,75,2025-04-06 05:04:49,2025-04-06 10:40:48,66,19.0,309,334,165,80,64,25,470,111,92,56
2025-04-05 02:21:08,2025-04-06 05:04:49,UTC+05:30,68,65,46,34.20,95.65,8.0,2265,156,77,2025-04-05 02:21:08,2025-04-05 10:01:37,71,19.0,429,458,194,137,98,29,603,127,93,67
2025-04-04 05:32:35,2025-04-05 02:21:08,UTC+05:30,29,61,43,34.20,98.00,11.0,2015,174,79,2025-04-04 05:32:35,2025-04-04 09:36:46,39,18.6,227,244,139,57,31,17,589,116,93,74
2025-04-03 04:30:25,2025-04-04 05:32:35,UTC+05:30,78,59,52,33.99,97.63,10.4,2280,166,76,2025-04-03 04:30:25,2025-04-03 10:32:50,58,18.9,323,362,146,94,83,39,556,89,89,74
2025-04-02 02:32:25,2025-04-03 04:30:25,UTC+05:30,65,61,43,34.10,96.25,8.4,2236,156,76,2025-04-02 02:32:25,2025-04-02 10:33:33,77,18.5,455,479,232,103,120,24,593,127,94,70
2025-04-01 05:22:58,2025-04-02 02:32:25,UTC+05:30,31,70,35,33.78,96.94,7.5,1834,153,79,2025-04-01 05:22:58,2025-04-01 10:06:34,50,19.2,263,276,131,86,46,13,524,112,96,56
2025-03-31 02:45:49,2025-04-01 05:22:58,UTC+05:30,80,64,49,33.72,97.00,17.5,3435,175,85,2025-03-31 02:45:49,2025-03-31 09:58:25,70,18.5,413,432,233,100,80,19,588,117,95,82
2025-03-30 04:06:36,2025-03-31 02:45:49,UTC+05:30,54,69,42,34.06,96.83,9.5,2031,168,79,2025-03-30 04:06:36,2025-03-30 10:35:28,61,19.1,362,385,169,94,99,23,597,127,94,79
2025-03-29 02:41:15,2025-03-30 04:06:36,UTC+05:30,34,72,36,34.47,95.77,9.4,2286,148,80,2025-03-29 02:41:15,2025-03-29 09:54:20,63,19.2,394,429,192,80,122,35,627,127,91,75
2025-03-28 04:00:09,2025-03-29 02:41:15,UTC+05:30,47,64,42,34.60,98.00,15.5,2384,175,84,2025-03-28 04:00:09,2025-03-28 10:03:32,62,18.6,340,359,179,92,69,19,550,87,94,67
2025-03-27 03:06:42,2025-03-28 04:00:09,UTC+05:30,41,68,39,34.60,96.20,5.1,1744,155,77,2025-03-27 03:06:42,2025-03-27 10:19:47,74,18.8,389,433,204,75,110,44,525,127,89,49
2025-03-26 05:07:28,2025-03-27 03:06:42,UTC+05:30,41,63,49,34.00,97.57,10.0,2058,162,79,2025-03-26 05:07:28,2025-03-26 09:27:59,44,18.1,242,258,102,70,70,16,545,74,93,58
2025-03-25 00:22:55,2025-03-26 05:07:28,UTC+05:30,94,63,55,33.90,97.92,9.7,2561,158,77,2025-03-25 00:22:55,2025-03-25 09:04:55,80,18.6,473,522,226,122,125,49,590,127,90,41
2025-03-24 04:48:12,2025-03-25 00:22:55,UTC+05:30,22,66,39,34.10,97.88,4.7,1529,136,77,2025-03-24 04:48:12,2025-03-24 08:24:01,40,18.6,201,213,70,61,70,12,508,127,94,49
2025-03-23 03:32:32,2025-03-24 04:48:12,UTC+05:30,39,67,49,33.70,96.40,7.7,2124,154,80,2025-03-23 03:32:32,2025-03-23 07:54:01,42,19.5,242,261,130,59,53,19,581,114,92,74
2025-03-22 04:50:34,2025-03-23 03:32:32,UTC+05:30,52,69,43,33.85,98.60,7.9,1946,148,81,2025-03-22 04:50:34,2025-03-22 11:05:58,60,19.2,345,374,148,103,94,29,575,101,92,69
2025-03-21 03:51:00,2025-03-22 04:50:34,UTC+05:30,79,63,48,33.71,98.50,10.5,2327,165,80,2025-03-21 03:51:00,2025-03-21 10:09:30,69,19.3,348,378,161,99,88,30,506,43,92,75
2025-03-20 03:24:21,2025-03-21 03:51:00,UTC+05:30,84,63,48,33.59,97.50,5.8,1951,149,78,2025-03-20 03:24:21,2025-03-20 10:09:04,85,18.8,379,404,163,80,136,25,446,127,93,56
2025-03-19 04:49:56,2025-03-20 03:24:21,UTC+05:30,34,67,38,33.30,95.50,8.4,1992,154,80,2025-03-19 04:49:56,2025-03-19 10:17:16,52,19.0,310,326,123,102,85,16,601,105,95,75
2025-03-18 03:30:09,2025-03-19 04:49:56,UTC+05:30,58,64,41,33.60,97.10,15.0,2710,172,85,2025-03-18 03:30:09,2025-03-18 10:23:02,62,18.5,348,409,180,84,84,61,559,76,85,74
2025-03-17 02:22:45,2025-03-18 03:30:09,UTC+05:30,68,63,42,32.90,96.00,12.7,2538,173,79,2025-03-17 02:22:45,2025-03-17 10:20:03,78,18.8,430,473,211,106,113,43,549,127,90,60
2025-03-16 05:28:03,2025-03-17 02:22:45,UTC+05:30,30,64,35,33.60,97.40,7.6,1795,145,78,2025-03-16 05:28:03,2025-03-16 10:33:45,51,18.6,270,305,108,96,66,35,526,53,88,62
2025-03-15 02:22:23,2025-03-16 05:28:03,UTC+05:30,59,64,41,33.20,95.61,10.4,2446,156,81,2025-03-15 02:22:23,2025-03-15 09:57:34,84,18.3,441,453,243,110,88,12,524,127,97,61
2025-03-14 04:07:40,2025-03-15 02:22:23,UTC+05:30,32,61,42,33.70,97.25,5.8,1784,148,79,2025-03-14 04:07:40,2025-03-14 08:55:35,42,18.4,251,277,89,97,65,26,594,126,90,81
2025-03-13 04:54:18,2025-03-14 04:07:40,UTC+05:30,33,70,38,33.27,95.00,8.1,2010,158,82,2025-03-13 04:54:18,2025-03-13 09:56:09,53,19.4,288,301,160,75,53,13,541,76,95,66
2025-03-12 03:22:09,2025-03-13 04:54:18,UTC+05:30,41,67,39,33.30,93.71,7.2,2117,152,81,2025-03-12 03:22:09,2025-03-12 10:27:04,77,19.0,398,424,171,112,115,26,516,127,93,52
2025-03-11 04:13:38,2025-03-12 03:22:09,UTC+05:30,58,61,49,33.00,98.67,11.7,2270,171,80,2025-03-11 04:13:38,2025-03-11 09:29:54,53,18.9,303,313,120,91,92,10,578,112,96,58
2025-03-10 03:48:43,2025-03-11 04:13:38,UTC+05:30,54,65,39,34.19,97.11,7.6,2054,147,79,2025-03-10 03:48:43,2025-03-10 10:02:12,67,17.9,348,371,129,104,115,23,522,51,93,47
2025-03-09 00:47:49,2025-03-10 03:48:43,UTC+05:30,80,64,48,33.60,96.38,9.8,2405,154,80,2025-03-09 00:47:49,2025-03-09 08:33:35,85,18.2,446,462,228,91,127,16,526,127,96,40
2025-03-08 01:30:32,2025-03-09 00:47:49,UTC+05:30,6,71,42,34.06,96.13,7.9,1992,145,81,2025-03-08 01:30:32,2025-03-08 03:43:11,21,20.0,119,132,40,64,15,13,566,103,89,72
2025-03-07 03:13:37,2025-03-08 01:30:32,UTC+05:30,62,64,43,33.11,96.67,5.7,1792,154,75,2025-03-07 03:13:37,2025-03-07 10:36:18,72,18.0,420,434,182,117,121,14,581,115,96,79
2025-03-06 02:40:20,2025-03-07 03:13:37,UTC+05:30,90,61,56,32.68,98.00,7.2,2032,143,77,2025-03-06 02:40:20,2025-03-06 10:13:10,70,16.8,418,436,233,117,68,18,598,120,96,76
2025-03-05 02:18:34,2025-03-06 02:40:20,UTC+05:30,83,61,55,33.00,97.75,11.7,2371,162,80,2025-03-05 02:18:34,2025-03-05 08:14:45,59,17.8,342,354,178,102,62,12,582,112,96,73
2025-03-04 03:46:05,2025-03-05 02:18:34,UTC+05:30,45,69,36,33.91,95.13,9.3,2060,161,78,2025-03-04 03:46:05,2025-03-04 10:02:26,61,18.6,355,374,174,93,88,19,580,114,94,78
2025-03-03 03:35:54,2025-03-04 03:46:05,UTC+05:30,85,62,48,32.70,98.50,7.7,2072,155,78,2025-03-03 03:35:54,2025-03-03 10:01:43,66,18.1,353,379,173,95,85,26,531,127,93,63
2025-03-02 05:07:21,2025-03-03 03:35:54,UTC+05:30,48,63,41,33.80,97.14,7.2,1913,147,77,2025-03-02 05:07:21,2025-03-02 10:23:38,51,18.1,301,315,133,92,76,14,592,126,95,58
2025-03-01 01:58:10,2025-03-02 05:07:21,UTC+05:30,51,70,38,33.13,96.80,7.3,2257,150,77,2025-03-01 01:58:10,2025-03-01 08:30:53,66,19.3,377,392,152,103,122,15,574,110,96,76
2025-02-28 03:24:06,2025-03-01 01:58:10,UTC+05:30,49,69,40,32.90,97.38,6.2,1857,148,80,2025-02-28 03:24:06,2025-02-28 09:35:11,67,19.5,350,361,180,81,89,11,521,57,96,75
2025-02-27 02:40:37,2025-02-28 03:24:06,UTC+05:30,55,65,40,33.40,97.17,6.5,2014,153,77,2025-02-27 02:40:37,2025-02-27 10:10:31,83,18.3,423,447,267,66,90,24,511,113,94,71
2025-02-26 02:37:05,2025-02-27 02:40:37,UTC+05:30,93,64,57,32.80,97.63,6.9,1988,148,78,2025-02-26 02:37:05,2025-02-26 09:59:47,70,18.2,420,440,223,97,100,20,597,127,95,82
2025-02-25 02:11:20,2025-02-26 02:37:05,UTC+05:30,48,70,42,33.22,95.67,9.1,2170,151,81,2025-02-25 02:11:20,2025-02-25 07:48:45,56,18.5,333,337,179,76,78,4,600,127,98,81
2025-02-24 02:45:11,2025-02-25 02:11:20,UTC+05:30,41,68,37,32.92,96.00,10.3,2159,166,78,2025-02-24 02:45:11,2025-02-24 09:56:50,62,18.3,368,429,199,78,91,61,596,127,86,80
2025-02-23 02:35:24,2025-02-24 02:45:11,UTC+05:30,61,61,46,32.60,97.00,9.0,2106,156,80,2025-02-23 02:35:24,2025-02-23 08:38:14,56,17.7,328,354,137,56,135,26,589,125,92,74
2025-02-22 03:30:03,2025-02-23 02:35:24,UTC+05:30,65,64,47,32.77,97.80,6.5,1895,148,76,2025-02-22 03:30:03,2025-02-22 09:52:39,57,17.8,331,382,159,75,97,51,581,116,87,66
2025-02-21 02:23:29,2025-02-22 03:30:03,UTC+05:30,65,64,46,32.60,98.50,6.7,2046,156,75,2025-02-21 02:23:29,2025-02-21 08:44:39,58,18.4,327,369,174,66,87,42,561,127,91,62
2025-02-20 03:31:08,2025-02-21 02:23:29,UTC+05:30,68,65,47,33.73,96.19,7.1,1854,153,81,2025-02-20 03:31:08,2025-02-20 09:31:09,60,18.1,311,355,180,81,50,44,520,83,90,49
2025-02-18 23:54:48,2025-02-20 03:31:08,UTC+05:30,70,65,45,33.22,97.84,15.6,2938,171,82,2025-02-18 23:54:48,2025-02-19 09:07:51,78,17.9,466,539,200,129,137,73,595,127,86,51
2025-02-18 04:04:06,2025-02-18 23:54:48,UTC+05:30,38,70,40,33.09,97.33,8.4,1744,160,80,2025-02-18 04:04:06,2025-02-18 09:19:20,51,18.8,278,314,155,62,61,36,542,127,89,44
2025-02-16 23:33:18,2025-02-18 04:04:06,UTC+05:30,81,60,47,33.35,97.20,13.7,2814,170,77,2025-02-16 23:33:18,2025-02-17 07:29:09,66,18.0,398,474,257,78,63,76,599,117,86,45
2025-02-16 04:13:57,2025-02-16 23:33:18,UTC+05:30,34,63,34,33.33,97.57,12.5,1856,174,79,2025-02-16 04:13:57,2025-02-16 09:20:08,52,18.5,251,304,147,48,56,53,486,122,83,56
2025-02-15 03:05:45,2025-02-16 04:13:57,UTC+05:30,60,62,44,33.32,96.50,7.9,2158,165,74,2025-02-15 03:05:45,2025-02-15 08:23:00,54,18.8,287,312,186,57,44,25,532,127,92,64
2025-02-14 01:12:30,2025-02-15 03:05:45,UTC+05:30,72,58,45,33.27,98.28,8.1,2206,162,73,2025-02-14 01:12:30,2025-02-14 08:43:52,59,18.1,355,436,180,73,102,81,598,127,81,67
2025-02-13 03:49:45,2025-02-14 01:12:30,UTC+05:30,37,57,37,34.50,96.86,9.5,1949,150,75,2025-02-13 03:49:45,2025-02-13 08:48:14,47,17.8,280,296,129,72,79,16,595,127,95,75
2025-02-12 04:22:40,2025-02-13 03:49:45,UTC+05:30,55,58,46,34.50,97.38,8.5,2066,164,73,2025-02-12 04:22:40,2025-02-12 09:33:10,48,17.6,283,310,166,51,66,27,588,116,93,60
2025-02-11 01:19:29,2025-02-12 04:22:40,UTC+05:30,51,60,37,32.60,95.81,10.3,2449,166,74,2025-02-11 01:19:29,2025-02-11 10:10:05,70,17.7,417,515,183,87,147,98,597,127,81,79
2025-02-10 01:15:13,2025-02-11 01:19:29,UTC+05:30,42,62,35,33.31,97.00,9.4,2076,179,74,2025-02-10 01:15:13,2025-02-10 09:48:34,61,18.0,375,513,192,70,113,138,613,127,73,71
2025-02-09 02:44:10,2025-02-10 01:15:13,UTC+05:30,15,64,30,34.10,96.09,13.2,2162,172,79,2025-02-09 02:44:10,2025-02-09 08:28:48,41,17.6,247,344,147,63,37,97,601,115,71,71
2025-02-08 00:56:14,2025-02-09 02:44:10,UTC+05:30,45,62,38,32.40,97.67,13.2,2654,172,78,2025-02-08 00:56:14,2025-02-08 08:29:59,70,17.6,415,453,160,82,173,38,595,127,92,62
2025-02-07 01:45:07,2025-02-08 00:56:14,UTC+05:30,58,61,43,32.60,97.14,8.5,2026,149,75,2025-02-07 01:45:07,2025-02-07 08:37:45,63,18.2,372,404,178,63,131,32,591,127,92,62
2025-02-06 05:33:04,2025-02-07 01:45:07,UTC+05:30,22,64,41,34.59,96.67,6.1,1669,147,74,2025-02-06 05:33:04,2025-02-06 10:33:29,37,18.0,229,300,119,54,56,71,620,119,77,49
2025-02-05 02:46:43,2025-02-06 05:33:04,UTC+05:30,64,65,47,33.20,98.00,15.5,2871,175,78,2025-02-05 02:46:43,2025-02-05 10:04:59,60,19.5,366,432,179,81,106,66,606,109,85,62
2025-02-04 01:46:19,2025-02-05 02:46:43,UTC+05:30,59,60,44,34.50,96.56,15.0,2650,176,77,2025-02-04 01:46:19,2025-02-04 08:34:10,68,18.1,360,403,129,78,153,43,529,127,89,59
2025-02-03 01:03:46,2025-02-04 01:46:19,UTC+05:30,86,62,51,33.91,96.54,4.0,1910,116,70,2025-02-03 01:03:46,2025-02-03 08:38:28,66,17.4,398,451,148,89,161,53,608,127,89,60
2025-02-02 04:47:16,2025-02-03 01:03:46,UTC+05:30,46,60,49,33.30,98.00,12.3,2126,157,82,2025-02-02 04:47:16,2025-02-02 09:02:02,44,19.1,224,254,122,60,42,30,516,127,89,52
2025-02-01 03:24:00,2025-02-02 04:47:16,UTC+05:30,46,59,43,34.30,95.86,6.6,2072,155,73,2025-02-01 03:24:00,2025-02-01 09:16:03,53,17.8,304,350,109,70,125,46,569,105,87,69
2025-01-31 00:36:46,2025-02-01 03:24:00,UTC+05:30,49,60,41,34.00,97.81,5.8,2136,160,73,2025-01-31 00:36:46,2025-01-31 08:30:13,72,18.7,427,473,193,73,161,46,591,127,92,57
2025-01-30 03:34:16,2025-01-31 00:36:46,UTC+05:30,42,63,43,32.32,98.00,6.0,1728,156,74,2025-01-30 03:34:16,2025-01-30 09:28:31,55,19.2,320,352,128,73,119,32,587,123,92,80
2025-01-29 02:45:44,2025-01-30 03:34:16,UTC+05:30,60,63,47,34.30,97.22,6.3,2006,153,73,2025-01-29 02:45:44,2025-01-29 11:14:23,70,18.0,439,490,267,74,98,51,631,127,90,75
2025-01-28 04:13:35,2025-01-29 02:45:44,UTC+05:30,54,62,46,33.10,97.56,16.0,2562,176,78,2025-01-28 04:13:35,2025-01-28 10:48:56,57,18.0,335,394,191,75,69,59,592,127,85,74
2025-01-27 03:50:13,2025-01-28 04:13:35,UTC+05:30,52,60,47,33.40,98.64,6.8,2024,146,73,2025-01-27 03:50:13,2025-01-27 09:33:20,53,18.5,315,338,206,42,67,23,591,127,93,76
2025-01-26 02:21:01,2025-01-27 03:50:13,UTC+05:30,56,58,48,33.60,97.03,5.5,2023,152,70,2025-01-26 02:21:01,2025-01-26 10:27:48,55,18.0,318,381,147,84,87,63,579,112,84,78
2025-01-25 03:00:07,2025-01-26 02:21:01,UTC+05:30,68,61,50,33.30,98.00,7.6,1986,159,74,2025-01-25 03:00:07,2025-01-25 09:07:49,59,18.4,318,367,107,62,149,49,544,111,87,73
2025-01-24 03:13:17,2025-01-25 03:00:07,UTC+05:30,82,60,50,33.68,96.92,8.5,2081,164,74,2025-01-24 03:13:17,2025-01-24 10:13:26,69,18.8,387,420,176,86,125,33,561,96,92,75
2025-01-23 02:39:27,2025-01-24 03:13:17,UTC+05:30,87,61,51,34.23,96.23,6.9,2057,153,72,2025-01-23 02:39:27,2025-01-23 10:17:47,73,17.8,411,446,246,84,81,35,561,76,92,69
2025-01-22 01:03:12,2025-01-23 02:39:27,UTC+05:30,87,62,49,34.21,97.80,13.2,2439,174,77,2025-01-22 01:03:12,2025-01-22 09:52:53,80,17.9,469,529,187,104,178,60,587,102,89,57
2025-01-21 03:52:58,2025-01-22 01:03:12,UTC+05:30,82,61,54,33.30,97.00,13.2,2103,177,78,2025-01-21 03:52:58,2025-01-21 08:47:37,58,17.8,277,294,120,49,108,17,482,67,95,56
2025-01-20 02:25:38,2025-01-21 03:52:58,UTC+05:30,88,64,46,34.29,99.18,13.6,2451,177,78,2025-01-20 02:25:38,2025-01-20 09:37:45,79,18.3,391,425,215,67,109,34,496,127,92,64
2025-01-19 02:16:04,2025-01-20 02:25:38,UTC+05:30,62,65,42,33.80,96.93,6.8,2007,157,78,2025-01-19 02:16:04,2025-01-19 09:37:19,59,19.0,364,441,215,66,83,77,623,127,83,72
2025-01-18 04:48:01,2025-01-19 02:16:04,UTC+05:30,42,68,42,33.86,98.00,14.8,2310,182,82,2025-01-18 04:48:01,2025-01-18 10:18:42,47,18.8,285,330,129,62,94,45,608,126,87,61
2025-01-17 02:18:50,2025-01-18 04:48:01,UTC+05:30,62,70,46,33.10,97.18,15.1,2674,177,82,2025-01-17 02:18:50,2025-01-17 08:29:54,56,19.1,328,371,167,70,91,43,582,122,89,75
2025-01-16 02:56:48,2025-01-17 02:18:50,UTC+05:30,46,64,37,34.50,96.69,8.2,2052,149,78,2025-01-16 02:56:48,2025-01-16 09:58:49,60,17.8,373,422,140,96,137,49,619,124,89,76
2025-01-15 03:52:28,2025-01-16 02:56:48,UTC+05:30,51,65,40,34.35,96.75,14.7,2461,179,81,2025-01-15 03:52:28,2025-01-15 09:54:24,58,18.5,340,361,152,73,115,21,589,107,94,65
2025-01-14 02:02:10,2025-01-15 03:52:28,UTC+05:30,61,65,44,33.90,98.04,12.6,2434,181,80,2025-01-14 02:02:10,2025-01-14 09:01:18,69,18.1,376,418,220,80,76,42,543,127,90,64
2025-01-13 03:39:28,2025-01-14 02:02:10,UTC+05:30,42,65,42,34.51,95.93,7.0,1887,159,78,2025-01-13 03:39:28,2025-01-13 09:17:23,54,17.5,310,337,191,35,84,27,576,122,93,56
2025-01-12 01:02:33,2025-01-13 03:39:28,UTC+05:30,64,68,50,33.50,96.59,7.4,2220,147,81,2025-01-12 01:02:33,2025-01-12 07:42:37,59,18.0,347,400,231,61,55,53,592,127,87,71
2025-01-11 00:59:22,2025-01-12 01:02:33,UTC+05:30,38,69,34,32.90,96.93,6.6,1971,151,79,2025-01-11 00:59:22,2025-01-11 09:53:51,65,17.8,386,534,204,79,103,148,591,112,72,61
2025-01-10 01:58:18,2025-01-11 00:59:22,UTC+05:30,54,65,45,34.53,96.28,11.8,2149,176,80,2025-01-10 01:58:18,2025-01-10 09:18:36,69,17.8,396,438,224,81,91,42,571,106,90,52
2025-01-09 05:24:26,2025-01-10 01:58:18,UTC+05:30,35,74,38,33.90,97.73,6.8,1737,155,81,2025-01-09 05:24:26,2025-01-09 10:57:03,56,18.5,272,332,139,70,63,60,485,75,82,
2025-01-08 01:57:09,2025-01-09 05:24:26,UTC+05:30,43,67,45,33.10,95.92,9.4,2406,156,79,2025-01-08 01:57:09,2025-01-08 08:30:20,70,18.3,344,391,170,67,107,47,495,0,88,
2025-01-07 13:57:09,2025-01-08 01:57:09,UTC+05:30,,,,,,0.0,62,98,71,,,,,,,,,,,,,,
