Cycle start time,Cycle end time,Cycle timezone,Sleep onset,Wake onset,Sleep performance %,Respiratory rate (rpm),Asleep duration (min),In bed duration (min),Light sleep duration (min),Deep (SWS) duration (min),REM duration (min),Awake duration (min),Sleep need (min),Sleep debt (min),Sleep efficiency %,Sleep consistency %,Nap
2026-08-15 02:57:33,,UTC+05:30,2026-08-15 02:57:33,2026-08-15 10:19:38,81,17.8,405,442,182,124,99,37,583,120,91,76,false
2026-08-13 03:43:21,2026-08-14 05:10:00,UTC+05:30,2026-08-13 03:43:21,2026-08-13 10:26:38,80,18.0,372,403,175,101,96,31,560,99,92,86,false
2026-08-12 03:16:35,2026-08-13 03:43:21,UTC+05:30,2026-08-12 03:16:35,2026-08-12 10:55:00,81,18.6,435,458,215,114,106,23,590,127,94,73,false
2026-08-10 04:10:27,2026-08-12 03:16:35,UTC+05:30,2026-08-10 04:10:27,2026-08-10 10:36:35,73,17.8,353,386,205,70,78,33,593,127,91,74,false
2026-08-09 04:10:56,2026-08-10 04:10:27,UTC+05:30,2026-08-09 04:10:56,2026-08-09 09:11:21,50,17.9,270,300,112,106,52,30,612,127,90,,false
2026-08-08 05:20:15,2026-08-09 04:10:56,UTC+05:30,2026-08-08 05:20:15,2026-08-08 12:24:48,78,17.7,386,424,162,136,88,37,594,127,91,,false
2026-08-05 06:03:10,2026-08-06 04:00:00,UTC+05:30,2026-08-05 06:03:10,2026-08-05 10:17:14,46,18.8,249,254,111,88,50,5,590,127,98,,false
2026-08-03 06:55:22,2026-08-04 05:19:32,UTC+05:30,2026-08-03 06:55:22,2026-08-03 10:57:50,37,17.6,220,242,115,75,30,22,593,127,91,63,false
2026-08-02 05:19:32,2026-08-03 06:55:22,UTC+05:30,2026-08-02 05:19:32,2026-08-02 09:48:09,52,18.6,262,268,66,108,88,6,586,125,97,72,false
2026-07-31 04:08:46,2026-08-02 05:19:32,UTC+05:30,2026-07-31 04:08:46,2026-07-31 10:07:49,66,19.3,316,359,144,115,57,43,567,91,88,76,false
2026-07-30 02:35:20,2026-07-31 04:08:46,UTC+05:30,2026-07-30 02:35:20,2026-07-30 10:43:51,81,18.2,446,488,276,92,78,42,589,127,91,75,false
2026-07-29 03:15:31,2026-07-30 02:35:20,UTC+05:30,2026-07-29 03:15:31,2026-07-29 09:00:20,70,18.2,336,344,135,125,76,5,579,112,98,70,false
2026-07-28 02:31:53,2026-07-29 03:15:31,UTC+05:30,2026-07-28 02:31:53,2026-07-28 09:37:29,76,18.7,413,425,209,99,105,12,588,127,97,55,false
2026-07-27 04:50:26,2026-07-28 02:31:53,UTC+05:30,2026-07-27 04:50:26,2026-07-27 11:11:07,70,18.0,336,380,149,130,57,44,594,127,88,78,false
2026-07-26 04:06:16,2026-07-27 04:50:26,UTC+05:30,2026-07-26 04:06:16,2026-07-26 09:53:47,67,17.6,341,347,130,108,103,6,590,127,98,55,false
2026-07-24 05:33:39,2026-07-25 04:47:08,UTC+05:30,2026-07-24 05:33:39,2026-07-24 10:48:58,66,18.3,291,315,128,95,68,20,544,127,93,72,false
2026-07-23 04:47:08,2026-07-24 05:33:39,UTC+05:30,2026-07-23 15:14:45,2026-07-23 16:17:19,24,18.8,58,62,8,50,0,4,587,127,95,,true
2026-07-23 04:47:08,2026-07-24 05:33:39,UTC+05:30,2026-07-23 04:47:08,2026-07-23 11:28:09,74,18.6,375,401,191,96,88,26,614,127,93,73,false
2026-07-22 05:31:27,2026-07-23 04:47:08,UTC+05:30,2026-07-22 05:31:27,2026-07-22 10:55:54,68,17.6,308,324,126,102,80,16,543,127,95,66,false
2026-07-21 06:35:40,2026-07-22 05:31:27,UTC+05:30,2026-07-21 15:56:07,2026-07-21 17:12:04,22,18.5,69,75,19,48,2,6,587,127,92,,true
2026-07-21 06:35:40,2026-07-22 05:31:27,UTC+05:30,2026-07-21 06:35:40,2026-07-21 11:23:35,52,17.9,272,287,158,51,63,15,608,127,94,70,false
2026-07-20 03:39:13,2026-07-21 06:35:40,UTC+05:30,2026-07-20 03:39:13,2026-07-20 10:01:49,69,17.7,348,382,143,119,86,34,589,127,91,58,false
2026-07-19 05:34:19,2026-07-20 03:39:13,UTC+05:30,2026-07-19 05:34:19,2026-07-19 11:54:04,70,18.0,346,379,200,63,83,33,611,127,91,72,false
2026-07-18 06:01:20,2026-07-19 05:34:19,UTC+05:30,2026-07-18 06:01:20,2026-07-18 11:56:01,69,17.7,331,354,139,82,110,23,588,127,93,,false
2026-07-16 05:34:58,2026-07-17 05:34:58,UTC+05:30,2026-07-16 05:34:58,2026-07-16 12:17:45,63,18.3,335,402,185,78,72,67,611,127,83,75,false
2026-07-15 06:41:11,2026-07-16 05:34:58,UTC+05:30,2026-07-15 06:41:11,2026-07-15 10:23:43,32,18.3,202,222,105,48,49,16,589,127,92,53,false
2026-07-13 04:48:12,2026-07-14 03:20:00,UTC+05:30,2026-07-13 04:48:12,2026-07-13 11:58:54,77,17.9,398,430,206,107,85,32,608,127,92,70,false
2026-07-12 05:30:38,2026-07-13 04:48:12,UTC+05:30,2026-07-12 05:30:38,2026-07-12 13:11:15,61,17.6,361,460,230,81,50,99,607,127,78,69,false
2026-07-11 08:17:11,2026-07-12 05:30:38,UTC+05:30,2026-07-11 08:17:11,2026-07-11 12:32:30,41,17.7,240,255,94,108,38,15,594,105,94,60,false
2026-07-10 04:05:30,2026-07-11 08:17:11,UTC+05:30,2026-07-10 04:05:30,2026-07-10 12:13:51,73,18.4,425,488,213,139,73,63,589,127,87,60,false
2026-07-09 06:37:19,2026-07-10 04:05:30,UTC+05:30,2026-07-09 06:37:19,2026-07-09 12:55:56,67,17.8,346,378,193,84,69,32,597,107,91,53,false
2026-07-08 03:36:10,2026-07-09 06:37:19,UTC+05:30,2026-07-08 03:36:10,2026-07-08 10:47:33,75,17.9,420,431,195,108,117,11,587,127,97,47,false
2026-07-07 08:29:48,2026-07-08 03:36:10,UTC+05:30,2026-07-07 08:29:48,2026-07-07 12:32:34,23,17.6,196,242,113,73,10,46,590,127,81,53,false
2026-07-05 06:00:43,2026-07-06 06:38:00,UTC+05:30,2026-07-06 03:35:24,2026-07-06 05:59:36,26,18.4,137,144,67,54,16,7,589,127,95,,true
2026-07-05 06:00:43,2026-07-06 06:38:00,UTC+05:30,2026-07-05 06:00:43,2026-07-05 12:41:09,67,17.8,341,400,175,93,73,59,601,127,85,71,false
2026-07-04 06:02:40,2026-07-05 06:00:43,UTC+05:30,2026-07-04 06:02:40,2026-07-04 11:30:37,50,18.9,278,327,112,89,77,49,605,127,85,74,false
2026-07-03 05:31:24,2026-07-04 06:02:40,UTC+05:30,2026-07-03 05:31:24,2026-07-03 10:35:49,57,17.9,291,304,111,83,97,13,604,127,95,71,false
2026-07-02 06:08:46,2026-07-03 05:31:24,UTC+05:30,2026-07-02 06:08:46,2026-07-02 10:41:34,54,18.3,263,272,106,96,61,9,524,127,96,46,false
2026-07-01 05:24:36,2026-07-02 06:08:46,UTC+05:30,2026-07-01 15:10:56,2026-07-01 17:04:51,5,19.2,79,113,30,36,13,34,586,127,69,,true
2026-07-01 05:24:36,2026-07-02 06:08:46,UTC+05:30,2026-07-01 05:24:36,2026-07-01 10:02:05,45,17.8,261,277,119,106,36,16,599,127,94,53,false
2026-06-30 02:41:10,2026-07-01 05:24:36,UTC+05:30,2026-06-30 02:41:10,2026-06-30 10:40:54,56,18.0,384,479,111,115,158,53,588,127,80,38,false
2026-06-29 03:12:18,2026-06-30 02:41:10,UTC+05:30,2026-06-29 03:12:18,2026-06-29 05:59:34,25,18.1,157,167,50,59,48,10,542,70,94,38,false
2026-06-27 04:44:01,2026-06-28 05:28:00,UTC+05:30,2026-06-27 04:44:01,2026-06-27 12:12:56,73,17.9,416,448,214,118,84,32,525,127,92,30,false
2026-06-26 05:22:04,2026-06-27 04:44:01,UTC+05:30,2026-06-26 17:15:46,2026-06-26 18:24:30,19,19.0,64,68,17,41,6,4,588,127,94,,true
2026-06-26 05:22:04,2026-06-27 04:44:01,UTC+05:30,2026-06-26 05:22:04,2026-06-26 10:00:46,25,18.2,137,143,52,71,14,6,587,127,95,,true
2026-06-25 05:26:18,2026-06-26 05:22:04,UTC+05:30,2026-06-25 14:12:37,2026-06-25 16:13:16,28,20.0,116,120,31,42,43,4,587,127,96,,true
2026-06-25 05:26:18,2026-06-26 05:22:04,UTC+05:30,2026-06-25 05:26:18,2026-06-25 10:24:54,48,18.6,277,298,103,89,85,21,610,127,92,56,false
2026-06-23 04:12:40,2026-06-24 00:10:00,UTC+05:30,2026-06-23 13:40:14,2026-06-23 14:41:45,25,18.6,55,61,12,31,12,6,588,127,89,,true
2026-06-23 04:12:40,2026-06-24 00:10:00,UTC+05:30,2026-06-23 04:12:40,2026-06-23 09:04:35,54,18.5,283,291,151,81,51,8,609,127,97,76,false
2026-06-22 03:38:39,2026-06-23 04:12:40,UTC+05:30,2026-06-22 03:38:39,2026-06-22 09:43:32,68,18.9,340,364,149,112,79,24,614,127,93,71,false
2026-06-20 02:42:11,2026-06-21 01:00:00,UTC+05:30,2026-06-20 02:42:11,2026-06-20 07:47:31,48,17.9,262,305,128,94,40,43,570,62,86,61,false
2026-06-19 02:26:48,2026-06-20 02:42:11,UTC+05:30,2026-06-19 02:26:48,2026-06-19 09:49:58,80,18.2,404,443,224,81,99,39,502,127,91,62,false
2026-06-18 04:06:17,2026-06-19 02:26:48,UTC+05:30,2026-06-18 15:33:37,2026-06-18 17:12:38,23,19.6,86,99,29,39,18,13,588,127,87,,true
2026-06-18 04:06:17,2026-06-19 02:26:48,UTC+05:30,2026-06-18 04:06:17,2026-06-18 09:41:00,70,19.0,305,334,150,91,64,29,536,75,91,,false
2026-06-16 00:49:44,2026-06-18 04:06:17,UTC+05:30,2026-06-16 00:49:44,2026-06-16 09:26:29,81,18.9,470,516,259,118,93,46,588,127,90,70,false
2026-06-15 03:40:45,2026-06-16 00:49:44,UTC+05:30,2026-06-15 03:40:45,2026-06-15 09:20:54,67,18.4,320,340,121,97,102,20,587,127,94,69,false
2026-06-13 01:38:32,2026-06-14 01:38:32,UTC+05:30,2026-06-13 01:38:32,2026-06-13 08:28:56,72,18.3,390,410,188,97,105,20,588,127,95,48,false
2026-06-12 03:34:20,2026-06-13 01:38:32,UTC+05:30,2026-06-12 03:34:20,2026-06-12 09:02:37,60,18.4,310,328,157,78,75,18,588,127,94,53,false
2026-06-10 06:48:46,2026-06-11 02:25:00,UTC+05:30,2026-06-10 06:48:46,2026-06-10 10:53:57,32,18.2,227,245,94,81,52,16,608,126,93,43,false
2026-06-09 06:30:00,2026-06-10 06:48:46,UTC+05:30,2026-06-09 06:30:00,2026-06-09 10:39:00,60,18.0,206,249,69,82,55,43,402,127,94,62,false
2026-06-08 02:18:32,2026-06-09 06:30:00,UTC+05:30,2026-06-09 02:36:56,2026-06-09 06:26:12,36,18.0,209,229,112,68,29,20,611,127,91,,true
2026-06-08 02:18:32,2026-06-09 06:30:00,UTC+05:30,2026-06-08 02:18:32,2026-06-08 08:40:30,74,18.5,375,381,189,110,76,6,588,127,98,64,false
2026-06-07 03:34:24,2026-06-08 02:18:32,UTC+05:30,2026-06-07 03:34:24,2026-06-07 06:00:02,27,18.2,144,145,37,92,15,1,604,127,98,62,false
2026-06-06 03:03:40,2026-06-07 03:34:24,UTC+05:30,2026-06-06 03:03:40,2026-06-06 07:38:45,43,18.2,228,275,97,106,25,47,506,13,82,61,false
2026-06-05 01:20:43,2026-06-06 03:03:40,UTC+05:30,2026-06-05 01:20:43,2026-06-05 10:26:51,82,17.8,484,546,246,123,115,59,510,30,89,63,false
2026-06-04 01:52:05,2026-06-05 01:20:43,UTC+05:30,2026-06-04 01:52:05,2026-06-04 09:09:23,89,18.5,416,437,231,95,90,21,463,84,95,,false
2026-06-03 02:27:57,2026-06-04 01:52:05,UTC+05:30,2026-06-03 15:07:24,2026-06-03 16:31:56,27,19.2,82,84,21,44,17,2,545,84,98,,true
2026-06-03 02:27:57,2026-06-04 01:52:05,UTC+05:30,2026-06-03 02:27:57,2026-06-03 08:15:29,79,18.2,326,347,140,95,91,21,494,0,93,,false
2026-01-05 05:35:09,2026-01-06 05:35:09,UTC+05:30,2026-01-05 05:35:09,2026-01-05 10:40:59,68,19.1,283,305,122,83,78,22,477,127,92,54,false
2026-01-04 06:37:12,2026-01-05 05:35:09,UTC+05:30,2026-01-04 17:02:13,2026-01-04 18:57:27,21,18.8,110,115,32,54,24,5,588,127,98,,true
2026-01-04 06:37:12,2026-01-05 05:35:09,UTC+05:30,2026-01-04 06:37:12,2026-01-04 10:42:31,47,19.4,239,245,71,110,58,6,517,54,97,47,false
2026-01-03 02:08:14,2026-01-04 06:37:12,UTC+05:30,2026-01-03 02:08:14,2026-01-03 10:10:07,84,18.6,469,481,266,97,106,12,553,92,97,75,false
2026-01-02 03:01:31,2026-01-03 02:08:14,UTC+05:30,2026-01-02 03:01:31,2026-01-02 10:09:13,64,18.1,339,427,116,123,100,88,523,64,79,58,false
2025-12-30 23:50:10,2025-12-31 23:50:10,UTC+05:30,2025-12-30 23:50:10,2025-12-31 08:12:28,75,18.2,478,502,218,150,110,24,578,117,95,39,false
2025-12-30 02:35:46,2025-12-30 23:50:10,UTC+05:30,2025-12-30 02:35:46,2025-12-30 09:31:59,73,19.0,386,416,169,116,101,30,569,105,92,47,false
2025-12-29 06:36:51,2025-12-30 02:35:46,UTC+05:30,2025-12-29 06:36:51,2025-12-29 10:44:13,60,18.7,243,247,114,90,39,4,453,81,98,46,false
2025-12-28 03:33:45,2025-12-29 06:36:51,UTC+05:30,2025-12-28 17:00:15,2025-12-28 18:30:37,24,20.5,88,90,19,53,16,2,542,81,98,,true
2025-12-28 03:33:45,2025-12-29 06:36:51,UTC+05:30,2025-12-28 03:33:45,2025-12-28 10:23:17,75,19.4,394,409,181,102,111,15,557,95,96,51,false
2025-12-26 05:40:31,2025-12-27 01:54:31,UTC+05:30,2025-12-26 13:34:56,2025-12-26 14:47:39,22,18.9,69,72,22,34,13,3,555,95,95,,true
2025-12-26 05:40:31,2025-12-27 01:54:31,UTC+05:30,2025-12-26 05:40:31,2025-12-26 10:48:55,70,18.4,300,308,116,107,77,8,491,24,97,54,false
2025-12-25 01:54:31,2025-12-26 05:40:31,UTC+05:30,2025-12-25 01:54:31,2025-12-25 09:20:19,78,18.3,426,445,224,104,98,19,464,62,95,44,false
2025-12-24 03:50:56,2025-12-25 01:54:31,UTC+05:30,2025-12-24 16:06:21,2025-12-24 17:12:57,20,19.4,63,66,22,28,13,3,523,62,94,,true
2025-12-24 03:50:56,2025-12-25 01:54:31,UTC+05:30,2025-12-24 03:50:56,2025-12-24 10:50:49,79,17.8,406,419,193,98,115,13,503,35,96,59,false
2025-12-23 03:44:10,2025-12-24 03:50:56,UTC+05:30,2025-12-23 03:44:10,2025-12-23 10:28:49,76,16.9,378,404,223,90,65,26,450,102,94,42,false
2025-12-22 03:02:28,2025-12-23 03:44:10,UTC+05:30,2025-12-22 17:30:53,2025-12-22 19:31:22,20,18.1,114,120,43,54,17,6,561,102,95,,true
2025-12-21 05:00:16,2025-12-22 03:02:28,UTC+05:30,2025-12-21 05:00:16,2025-12-21 11:23:20,74,18.3,368,383,155,90,123,15,573,97,96,61,false
2025-12-20 03:02:28,2025-12-21 05:00:16,UTC+05:30,2025-12-20 03:02:28,2025-12-20 09:34:12,79,18.0,363,391,89,172,102,28,515,117,92,67,false
2025-12-19 04:02:43,2025-12-20 03:02:28,UTC+05:30,2025-12-19 16:32:33,2025-12-19 17:43:18,24,18.2,66,70,41,18,7,4,577,117,94,,true
2025-12-19 04:02:43,2025-12-20 03:02:28,UTC+05:30,2025-12-19 04:02:43,2025-12-19 10:26:52,74,16.8,370,384,135,115,120,14,604,127,96,74,false
2025-12-18 04:38:56,2025-12-19 04:02:43,UTC+05:30,2025-12-18 04:38:56,2025-12-18 09:38:49,62,18.7,281,299,96,114,71,18,541,80,93,69,false
2025-12-17 01:22:31,2025-12-18 04:38:56,UTC+05:30,2025-12-17 01:22:31,2025-12-17 09:12:35,83,17.9,450,470,219,114,117,20,575,112,95,77,false
2025-12-16 03:04:45,2025-12-17 01:22:31,UTC+05:30,2025-12-16 03:04:45,2025-12-16 10:11:16,84,17.3,413,426,194,129,90,13,589,117,96,85,false
2025-12-15 03:12:53,2025-12-16 03:04:45,UTC+05:30,2025-12-15 03:12:53,2025-12-15 09:46:09,82,18.8,387,393,223,75,89,6,571,103,98,84,false
2025-12-14 01:55:56,2025-12-15 03:12:53,UTC+05:30,2025-12-14 01:55:56,2025-12-14 09:13:03,82,18.1,399,437,201,75,123,38,559,86,91,82,false
2025-12-13 02:08:02,2025-12-14 01:55:56,UTC+05:30,2025-12-13 02:08:02,2025-12-13 09:42:09,83,17.9,443,454,243,98,102,11,578,115,97,79,false
2025-12-12 03:30:15,2025-12-13 02:08:02,UTC+05:30,2025-12-12 03:30:15,2025-12-12 10:11:18,82,19.4,396,401,170,117,109,5,576,111,98,83,false
2025-12-11 03:27:01,2025-12-12 03:30:15,UTC+05:30,2025-12-11 03:27:01,2025-12-11 09:26:18,75,17.0,344,359,152,68,124,15,568,100,95,76,false
2025-12-10 02:34:48,2025-12-11 03:27:01,UTC+05:30,2025-12-10 02:34:48,2025-12-10 09:45:28,80,19.0,423,430,200,104,119,7,579,111,98,71,false
2025-12-09 05:36:58,2025-12-10 02:34:48,UTC+05:30,2025-12-09 05:36:58,2025-12-09 10:43:48,69,17.1,299,306,111,103,85,7,521,56,97,70,false
2025-12-08 02:20:07,2025-12-09 05:36:58,UTC+05:30,2025-12-08 02:20:07,2025-12-08 10:41:56,83,17.4,457,501,255,90,112,44,570,109,91,77,false
2025-12-07 04:09:19,2025-12-08 02:20:07,UTC+05:30,2025-12-07 04:09:19,2025-12-07 10:21:45,79,17.5,358,372,169,105,84,14,576,109,96,89,false
2025-12-06 03:42:38,2025-12-07 04:09:19,UTC+05:30,2025-12-06 03:42:38,2025-12-06 10:14:39,85,18.4,377,392,139,110,128,15,547,84,96,91,false
2025-12-04 03:17:35,2025-12-05 02:43:02,UTC+05:30,2025-12-04 03:17:35,2025-12-04 10:16:35,87,17.2,406,419,200,89,117,13,538,65,97,92,false
2025-12-03 02:43:02,2025-12-04 03:17:35,UTC+05:30,2025-12-03 02:43:02,2025-12-03 10:25:26,84,18.4,441,462,216,118,107,21,543,79,95,,false
2025-12-02 03:24:14,2025-12-03 02:43:02,UTC+05:30,2025-12-02 03:24:14,2025-12-02 10:38:55,83,17.6,408,434,207,106,95,26,531,65,94,,false
2025-11-25 02:23:03,2025-11-26 02:23:03,UTC+05:30,2025-11-25 02:23:03,2025-11-25 11:05:40,85,18.2,487,522,281,108,98,35,589,127,93,,false
2025-11-24 06:19:20,2025-11-25 02:23:03,UTC+05:30,2025-11-24 06:19:20,2025-11-24 10:42:54,48,18.3,259,263,120,67,72,4,599,127,98,,false
2025-11-20 05:03:18,2025-11-21 05:03:18,UTC+05:30,2025-11-20 05:03:18,2025-11-20 10:43:39,70,18.0,330,340,170,102,58,10,593,127,97,80,false
2025-11-19 05:41:33,2025-11-20 05:03:18,UTC+05:30,2025-11-19 05:41:33,2025-11-19 10:38:08,62,19.0,288,296,123,102,63,8,547,77,97,67,false
2025-11-18 02:19:49,2025-11-19 05:41:33,UTC+05:30,2025-11-18 02:19:49,2025-11-18 10:45:57,77,18.9,474,506,248,106,120,32,594,127,94,61,false
2025-11-17 04:23:36,2025-11-18 02:19:49,UTC+05:30,2025-11-17 04:23:36,2025-11-17 10:51:30,71,18.4,352,387,203,106,43,35,584,112,90,62,false
2025-11-16 06:45:55,2025-11-17 04:23:36,UTC+05:30,2025-11-16 06:45:55,2025-11-16 11:45:10,69,18.5,289,299,145,89,55,10,465,79,96,46,false
2025-11-15 02:36:55,2025-11-16 06:45:55,UTC+05:30,2025-11-15 15:12:02,2025-11-15 16:42:23,19,20.3,89,90,26,38,25,1,540,79,98,,true
2025-11-15 02:36:55,2025-11-16 06:45:55,UTC+05:30,2025-11-15 02:36:55,2025-11-15 10:34:55,77,18.0,467,478,217,104,146,11,591,127,97,53,false
2025-11-14 06:28:24,2025-11-15 02:36:55,UTC+05:30,2025-11-14 06:28:24,2025-11-14 11:02:53,47,18.6,260,274,118,77,65,14,595,127,95,59,false
2025-11-13 04:36:07,2025-11-14 06:28:24,UTC+05:30,2025-11-13 04:36:07,2025-11-13 05:43:37,29,18.2,66,67,14,51,1,1,591,127,98,83,false
2025-11-12 04:33:35,2025-11-13 04:36:07,UTC+05:30,2025-11-12 04:33:35,2025-11-12 10:52:41,77,18.9,367,379,178,102,87,12,595,127,96,83,false
2025-11-11 04:34:24,2025-11-12 04:33:35,UTC+05:30,2025-11-11 04:34:24,2025-11-11 10:31:37,75,18.6,350,357,184,74,92,7,574,112,98,75,false
2025-11-10 03:35:14,2025-11-11 04:34:24,UTC+05:30,2025-11-10 03:35:14,2025-11-10 10:42:36,78,16.9,410,427,201,107,102,17,585,121,96,64,false
2025-11-09 05:05:46,2025-11-10 03:35:14,UTC+05:30,2025-11-09 05:05:46,2025-11-09 09:53:41,54,17.6,251,287,92,99,60,36,493,127,87,50,false
2025-11-08 03:11:50,2025-11-09 05:05:46,UTC+05:30,2025-11-08 12:48:34,2025-11-08 14:46:48,11,19.5,100,118,22,55,23,18,587,127,85,,true
2025-11-07 03:25:36,2025-11-08 03:11:50,UTC+05:30,2025-11-07 03:25:36,2025-11-07 08:48:07,65,17.6,302,322,125,102,75,20,580,97,94,79,false
2025-11-06 03:11:50,2025-11-07 03:25:36,UTC+05:30,2025-11-06 03:11:50,2025-11-06 09:49:44,80,19.7,375,397,127,132,116,22,527,64,94,72,false
2025-11-05 00:34:17,2025-11-06 03:11:50,UTC+05:30,2025-11-05 00:34:17,2025-11-05 09:24:27,77,18.8,491,530,243,127,121,39,591,127,92,47,false
2025-11-04 03:55:56,2025-11-05 00:34:17,UTC+05:30,2025-11-04 03:55:56,2025-11-04 08:53:56,51,18.0,280,298,105,121,54,18,622,127,94,68,false
2025-11-03 04:11:09,2025-11-04 03:55:56,UTC+05:30,2025-11-03 04:11:09,2025-11-03 08:15:12,39,18.6,224,244,78,107,39,20,597,127,91,62,false
2025-11-02 05:06:50,2025-11-03 04:11:09,UTC+05:30,2025-11-02 05:06:50,2025-11-02 10:25:30,62,18.6,305,318,123,106,76,13,606,127,95,83,false
2025-11-01 05:55:03,2025-11-02 05:06:50,UTC+05:30,2025-11-01 05:55:03,2025-11-01 11:37:36,64,18.1,315,342,132,86,97,27,606,127,92,76,false
2025-10-31 05:19:14,2025-11-01 05:55:03,UTC+05:30,2025-10-31 05:19:14,2025-10-31 10:23:50,55,18.1,283,304,102,95,86,21,625,127,93,90,false
2025-10-30 04:40:23,2025-10-31 05:19:14,UTC+05:30,2025-10-30 04:40:23,2025-10-30 10:19:13,68,17.8,330,338,117,115,98,8,601,127,97,73,false
2025-10-29 05:07:04,2025-10-30 04:40:23,UTC+05:30,2025-10-29 05:07:04,2025-10-29 10:59:03,69,17.8,341,351,157,94,90,10,610,127,97,,false
2025-10-26 04:55:33,2025-10-27 04:55:33,UTC+05:30,2025-10-26 04:55:33,2025-10-26 10:52:12,27,18.8,241,356,104,103,34,115,580,105,67,70,false
2025-10-25 05:42:13,2025-10-26 04:55:33,UTC+05:30,2025-10-25 05:42:13,2025-10-25 10:24:51,66,18.3,278,282,118,102,58,4,489,22,98,54,false
2025-10-24 03:42:40,2025-10-25 05:42:13,UTC+05:30,2025-10-24 03:42:40,2025-10-24 13:20:54,77,18.1,500,578,197,99,204,78,546,72,86,52,false
2025-10-23 02:48:13,2025-10-24 03:42:40,UTC+05:30,2025-10-23 02:48:13,2025-10-23 09:14:18,79,18.5,358,386,195,91,72,28,502,38,93,67,false
2025-10-21 02:39:25,2025-10-23 02:48:13,UTC+05:30,2025-10-21 02:39:25,2025-10-21 11:04:36,81,18.8,458,505,264,112,82,47,536,74,90,67,false
2025-10-20 05:02:19,2025-10-21 02:39:25,UTC+05:30,2025-10-20 05:02:19,2025-10-20 10:32:00,82,18.5,315,329,173,67,75,14,430,43,95,,false
2025-10-19 03:33:45,2025-10-20 05:02:19,UTC+05:30,2025-10-19 17:51:14,2025-10-19 19:07:33,25,19.5,75,76,17,50,8,1,504,43,99,,true
2025-10-19 03:33:45,2025-10-20 05:02:19,UTC+05:30,2025-10-19 03:33:45,2025-10-19 10:46:13,85,18.9,396,432,187,108,101,36,463,0,91,,false
2025-10-13 01:08:02,2025-10-14 01:08:02,UTC+05:30,2025-10-13 01:08:02,2025-10-13 09:59:38,82,18.2,514,531,232,133,149,17,349,53,96,56,false
2025-10-12 00:56:07,2025-10-13 01:08:02,UTC+05:30,2025-10-12 07:55:07,2025-10-12 10:52:00,29,19.2,167,174,62,66,39,7,515,53,96,,true
2025-10-11 00:56:07,2025-10-12 00:56:07,UTC+05:30,2025-10-11 00:56:07,2025-10-11 09:57:20,81,19.2,506,541,236,131,139,35,589,127,93,65,false
2025-10-10 04:14:04,2025-10-11 00:56:07,UTC+05:30,2025-10-10 04:14:04,2025-10-10 10:48:13,79,18.9,365,389,173,94,98,24,590,127,93,88,false
2025-10-09 04:37:33,2025-10-10 04:14:04,UTC+05:30,2025-10-09 04:37:33,2025-10-09 10:43:20,76,18.6,340,365,183,95,62,25,547,72,93,80,false
2025-10-08 03:12:27,2025-10-09 04:37:33,UTC+05:30,2025-10-08 03:12:27,2025-10-08 10:52:59,88,19.0,430,460,246,87,97,30,542,72,93,92,false
2025-10-07 02:55:35,2025-10-08 03:12:27,UTC+05:30,2025-10-07 02:55:35,2025-10-07 10:50:29,82,18.9,445,474,259,70,116,29,558,95,93,74,false
2025-10-06 03:12:40,2025-10-07 02:55:35,UTC+05:30,2025-10-06 03:12:40,2025-10-06 11:05:38,77,18.6,443,465,236,102,105,22,592,127,95,53,false
2025-10-04 04:33:18,2025-10-06 03:12:40,UTC+05:30,2025-10-04 04:33:18,2025-10-04 09:06:23,46,18.4,256,271,139,65,52,15,593,127,94,59,false
2025-10-03 01:14:00,2025-10-04 04:33:18,UTC+05:30,2025-10-03 01:14:00,2025-10-03 06:10:02,51,20.3,286,292,128,85,73,6,589,127,97,43,false
2025-10-02 04:23:38,2025-10-03 01:14:00,UTC+05:30,2025-10-02 04:23:38,2025-10-02 08:49:55,57,18.6,258,266,143,70,45,8,543,79,97,,false
2025-09-29 02:22:26,2025-09-30 02:22:26,UTC+05:30,2025-09-29 02:22:26,2025-09-29 10:26:27,78,18.9,444,484,196,127,121,40,569,104,91,60,false
2025-09-28 02:59:38,2025-09-29 02:22:26,UTC+05:30,2025-09-28 02:59:38,2025-09-28 10:35:47,76,19.1,431,453,241,72,118,22,593,127,95,51,false
2025-09-26 01:52:28,2025-09-27 01:52:28,UTC+05:30,2025-09-26 07:03:27,2025-09-26 10:58:30,31,18.1,213,225,105,59,49,12,587,127,94,,true
2025-09-26 01:52:28,2025-09-27 01:52:28,UTC+05:30,2025-09-26 01:52:28,2025-09-26 04:07:32,28,18.4,117,131,73,40,4,14,597,125,89,72,false
2025-09-25 03:00:43,2025-09-26 01:52:28,UTC+05:30,2025-09-25 03:00:43,2025-09-25 09:52:10,67,18.6,354,410,196,82,76,56,606,127,86,65,false
2025-09-24 02:34:10,2025-09-25 03:00:43,UTC+05:30,2025-09-24 02:34:10,2025-09-24 09:14:33,72,19.1,376,399,166,108,102,23,592,127,94,52,false
2025-09-23 04:18:11,2025-09-24 02:34:10,UTC+05:30,2025-09-23 04:18:11,2025-09-23 08:03:08,30,19.6,200,224,135,54,11,24,586,121,89,51,false
2025-09-21 05:23:34,2025-09-22 03:52:37,UTC+05:30,2025-09-21 05:23:34,2025-09-21 10:36:00,69,19.3,303,310,116,83,104,7,546,80,98,73,false
2025-09-20 03:52:37,2025-09-21 05:23:34,UTC+05:30,2025-09-20 03:52:37,2025-09-20 11:06:39,85,19.5,414,434,227,92,95,20,539,77,95,85,false
2025-09-19 04:24:44,2025-09-20 03:52:37,UTC+05:30,2025-09-19 04:24:44,2025-09-19 11:20:59,82,18.8,388,416,217,71,100,28,508,46,93,77,false
2025-09-18 01:58:32,2025-09-19 04:24:44,UTC+05:30,2025-09-18 01:58:32,2025-09-18 10:59:17,81,18.9,480,538,193,155,132,58,552,88,89,67,false
2025-09-17 03:03:54,2025-09-18 01:58:32,UTC+05:30,2025-09-17 03:03:54,2025-09-17 10:58:48,78,19.3,445,473,262,83,100,28,583,119,94,59,false
2025-09-16 04:55:30,2025-09-17 03:03:54,UTC+05:30,2025-09-16 04:55:30,2025-09-16 11:03:41,72,19.2,349,367,162,90,97,18,587,127,95,,false
2025-09-13 04:37:54,2025-09-14 02:47:38,UTC+05:30,2025-09-13 04:37:54,2025-09-13 11:37:02,80,19.5,371,416,175,89,107,45,592,127,89,90,false
2025-09-11 04:23:12,2025-09-12 04:23:12,UTC+05:30,2025-09-11 04:23:12,2025-09-11 11:07:56,81,19.5,378,404,190,104,84,26,590,127,93,90,false
2025-09-10 04:28:57,2025-09-11 04:23:12,UTC+05:30,2025-09-10 04:28:57,2025-09-10 10:45:47,74,19.6,348,376,174,76,98,28,598,127,92,85,false
2025-09-09 04:42:28,2025-09-10 04:28:57,UTC+05:30,2025-09-09 04:42:28,2025-09-09 11:19:29,78,18.3,377,397,190,97,90,20,597,127,94,83,false
2025-09-08 05:39:36,2025-09-09 04:42:28,UTC+05:30,2025-09-08 05:39:36,2025-09-08 11:30:58,69,18.4,333,351,133,117,83,18,593,127,95,75,false
2025-09-07 04:49:35,2025-09-08 05:39:36,UTC+05:30,2025-09-07 04:49:35,2025-09-07 10:11:38,62,18.9,306,317,170,96,40,11,593,127,96,68,false
2025-09-06 03:37:31,2025-09-07 04:49:35,UTC+05:30,2025-09-06 03:37:31,2025-09-06 11:04:32,76,18.6,425,443,245,81,99,18,629,127,96,61,false
2025-09-05 06:42:32,2025-09-06 03:37:31,UTC+05:30,2025-09-05 06:42:32,2025-09-05 12:12:16,51,18.3,277,329,169,64,44,52,560,61,84,63,false
2025-09-03 04:43:08,2025-09-04 03:24:00,UTC+05:30,2025-09-03 04:43:08,2025-09-03 11:15:21,81,18.3,377,392,228,76,73,15,473,78,96,69,false
2025-09-02 04:49:41,2025-09-03 04:43:08,UTC+05:30,2025-09-02 15:19:21,2025-09-02 16:45:24,25,19.8,71,80,31,33,7,9,539,78,88,,true
2025-09-02 04:49:41,2025-09-03 04:43:08,UTC+05:30,2025-09-02 04:49:41,2025-09-02 12:22:28,82,19.3,420,452,230,115,75,32,542,76,92,73,false
2025-09-01 03:42:28,2025-09-02 04:49:41,UTC+05:30,2025-09-01 03:42:28,2025-09-01 11:59:57,81,17.6,460,497,260,115,85,37,579,86,92,70,false
2025-08-31 04:00:11,2025-09-01 03:42:28,UTC+05:30,2025-08-31 04:00:11,2025-08-31 10:30:29,77,19.1,352,388,212,63,77,36,487,86,90,55,false
2025-08-30 03:37:24,2025-08-31 04:00:11,UTC+05:30,2025-08-30 15:35:01,2025-08-30 16:39:26,22,17.1,61,63,18,31,12,2,546,86,96,,true
2025-08-30 03:37:24,2025-08-31 04:00:11,UTC+05:30,2025-08-30 03:37:24,2025-08-30 12:31:18,77,19.0,484,531,237,123,124,47,618,127,91,53,false
2025-08-29 07:51:12,2025-08-30 03:37:24,UTC+05:30,2025-08-29 07:51:12,2025-08-29 11:36:37,39,18.5,221,225,121,71,29,4,595,127,98,68,false
2025-08-28 06:42:42,2025-08-29 07:51:12,UTC+05:30,2025-08-28 06:42:42,2025-08-28 11:00:20,51,19.3,248,256,137,61,50,8,554,88,96,67,false
2025-08-27 04:37:05,2025-08-28 06:42:42,UTC+05:30,2025-08-27 04:37:05,2025-08-27 11:37:11,79,18.3,392,419,209,98,85,27,529,121,93,65,false
2025-08-26 06:30:04,2025-08-27 04:37:05,UTC+05:30,2025-08-26 15:43:18,2025-08-26 16:57:20,14,19.5,58,72,17,41,0,14,582,121,79,,true
2025-08-26 06:30:04,2025-08-27 04:37:05,UTC+05:30,2025-08-26 06:30:04,2025-08-26 11:29:03,62,18.9,279,295,90,123,66,16,522,114,94,61,false
2025-08-25 04:53:03,2025-08-26 06:30:04,UTC+05:30,2025-08-25 17:15:40,2025-08-25 18:17:11,26,19.6,59,61,20,28,11,2,576,114,96,,true
2025-08-25 04:53:03,2025-08-26 06:30:04,UTC+05:30,2025-08-25 04:53:03,2025-08-25 11:32:57,79,18.6,361,399,187,86,88,38,540,73,90,76,false
2025-08-24 03:18:28,2025-08-25 04:53:03,UTC+05:30,2025-08-24 03:18:28,2025-08-24 10:44:02,82,18.9,431,445,262,75,94,14,545,78,96,74,false
2025-08-23 03:25:08,2025-08-24 03:18:28,UTC+05:30,2025-08-23 03:25:08,2025-08-23 11:44:32,80,18.7,472,497,250,98,124,25,594,127,95,66,false
2025-08-22 07:04:35,2025-08-23 03:25:08,UTC+05:30,2025-08-22 07:04:35,2025-08-22 11:13:06,43,19.2,237,246,124,55,58,9,593,127,96,69,false
2025-08-21 04:17:24,2025-08-22 07:04:35,UTC+05:30,2025-08-21 04:17:24,2025-08-21 11:00:40,80,19.3,387,401,171,90,126,14,599,127,96,82,false
2025-08-20 05:27:23,2025-08-21 04:17:24,UTC+05:30,2025-08-20 05:27:23,2025-08-20 10:37:54,64,19.0,305,310,133,80,92,5,596,127,98,83,false
2025-08-19 05:21:00,2025-08-20 05:27:23,UTC+05:30,2025-08-19 05:21:00,2025-08-19 10:41:36,67,19.1,307,316,131,111,65,9,573,105,97,76,false
2025-08-18 03:15:11,2025-08-19 05:21:00,UTC+05:30,2025-08-18 03:15:11,2025-08-18 10:49:25,80,19.0,426,454,191,104,131,28,590,117,93,70,false
2025-08-17 04:23:26,2025-08-18 03:15:11,UTC+05:30,2025-08-17 04:23:26,2025-08-17 09:59:54,63,18.9,292,336,162,76,54,44,527,127,87,67,false
2025-08-16 04:49:20,2025-08-17 04:23:26,UTC+05:30,2025-08-16 15:04:34,2025-08-16 16:12:50,26,20.5,66,67,28,23,15,1,588,127,97,,true
2025-08-16 04:49:20,2025-08-17 04:23:26,UTC+05:30,2025-08-16 04:49:20,2025-08-16 10:36:22,75,19.8,334,345,167,89,78,11,540,74,96,72,false
2025-08-15 04:56:30,2025-08-16 04:49:20,UTC+05:30,2025-08-15 04:56:30,2025-08-15 11:09:29,78,17.9,353,367,173,97,83,14,469,75,96,61,false
2025-08-14 03:17:36,2025-08-15 04:56:30,UTC+05:30,2025-08-14 15:58:00,2025-08-14 17:15:52,24,19.1,75,77,42,32,1,2,536,75,96,,true
2025-08-14 03:17:36,2025-08-15 04:56:30,UTC+05:30,2025-08-14 03:17:36,2025-08-14 10:51:50,77,18.4,412,454,205,108,99,42,529,127,90,52,false
2025-08-13 06:57:00,2025-08-14 03:17:36,UTC+05:30,2025-08-13 15:06:47,2025-08-13 16:20:48,20,19.3,63,72,32,28,3,9,588,127,88,,true
2025-08-13 06:57:00,2025-08-14 03:17:36,UTC+05:30,2025-08-13 06:57:00,2025-08-13 11:24:43,42,19.5,251,267,79,81,91,16,598,127,94,70,false
2025-08-12 06:28:00,2025-08-13 06:57:00,UTC+05:30,2025-08-12 06:28:00,2025-08-12 10:48:00,48,19.0,246,260,137,74,35,14,574,110,94,69,false
2025-08-11 03:23:09,2025-08-12 06:28:00,UTC+05:30,2025-08-11 03:23:09,2025-08-11 09:59:13,73,19.2,372,395,212,87,73,23,593,127,94,61,false
2025-08-10 05:58:14,2025-08-11 03:23:09,UTC+05:30,2025-08-10 05:58:14,2025-08-10 11:09:13,59,18.9,268,310,133,81,54,42,526,123,86,70,false
2025-08-09 05:18:37,2025-08-10 05:58:14,UTC+05:30,2025-08-09 16:03:07,2025-08-09 17:11:51,26,20.7,61,65,10,34,17,4,584,123,93,,true
2025-08-09 05:18:37,2025-08-10 05:58:14,UTC+05:30,2025-08-09 05:18:37,2025-08-09 10:53:10,69,19.0,313,331,155,86,72,18,559,96,94,74,false
2025-08-08 05:04:06,2025-08-09 05:18:37,UTC+05:30,2025-08-08 05:04:06,2025-08-08 10:28:04,71,19.0,292,323,165,53,74,31,485,84,90,64,false
2025-08-07 04:17:42,2025-08-08 05:04:06,UTC+05:30,2025-08-07 16:17:06,2025-08-07 17:36:53,19,19.5,63,79,27,36,0,16,546,84,79,,true
2025-08-07 04:17:42,2025-08-08 05:04:06,UTC+05:30,2025-08-07 04:17:42,2025-08-07 10:23:00,81,18.9,349,365,164,76,109,16,481,17,96,74,false
2025-08-06 02:57:48,2025-08-07 04:17:42,UTC+05:30,2025-08-06 02:57:48,2025-08-06 10:54:37,86,18.1,448,476,283,105,60,28,476,0,94,76,false
2025-08-05 01:59:48,2025-08-06 02:57:48,UTC+05:30,2025-08-05 01:59:48,2025-08-05 10:13:55,85,19.2,469,490,263,94,112,21,465,77,95,67,false
2025-08-04 03:45:49,2025-08-05 01:59:48,UTC+05:30,2025-08-04 17:03:13,2025-08-04 18:22:32,24,19.4,74,78,26,17,31,4,539,77,94,,true
2025-08-04 03:45:49,2025-08-05 01:59:48,UTC+05:30,2025-08-04 03:45:49,2025-08-04 10:11:18,80,19.2,357,381,195,80,82,24,478,12,93,68,false
2025-08-03 02:33:38,2025-08-04 03:45:49,UTC+05:30,2025-08-03 02:33:38,2025-08-03 11:06:02,84,18.6,470,509,233,99,138,39,490,23,92,65,false
2025-08-02 01:14:39,2025-08-03 02:33:38,UTC+05:30,2025-08-02 01:14:39,2025-08-02 09:42:43,88,19.1,508,508,163,345,0,0,544,84,100,79,false
2025-08-01 00:55:47,2025-08-02 01:14:39,UTC+05:30,2025-08-01 00:55:47,2025-08-01 09:46:26,77,18.8,459,523,192,139,128,64,590,127,87,66,false
2025-07-31 01:43:15,2025-08-01 00:55:47,UTC+05:30,2025-07-31 01:43:15,2025-07-31 08:13:04,75,18.3,369,385,205,93,71,16,601,126,95,72,false
2025-07-30 01:56:57,2025-07-31 01:43:15,UTC+05:30,2025-07-30 01:56:57,2025-07-30 07:22:50,65,18.3,318,325,169,98,51,7,571,103,97,55,false
2025-07-29 02:19:28,2025-07-30 01:56:57,UTC+05:30,2025-07-29 02:19:28,2025-07-29 07:59:47,66,18.9,307,340,191,62,54,33,514,47,90,42,false
2025-07-28 02:55:17,2025-07-29 02:19:28,UTC+05:30,2025-07-28 02:55:17,2025-07-28 11:00:45,75,18.6,454,483,257,103,94,29,528,55,94,36,false
2025-07-26 04:43:24,2025-07-27 02:45:00,UTC+05:30,2025-07-26 04:43:24,2025-07-26 15:30:22,58,19.5,461,640,223,137,101,179,571,100,71,49,false
2025-07-24 03:46:22,2025-07-25 04:38:00,UTC+05:30,2025-07-24 03:46:22,2025-07-24 11:52:39,81,18.5,442,486,263,106,73,44,598,127,90,71,false
2025-07-23 06:51:08,2025-07-24 03:46:22,UTC+05:30,2025-07-23 06:51:08,2025-07-23 11:57:39,54,18.9,280,306,167,68,45,26,593,127,92,65,false
2025-07-22 04:34:41,2025-07-23 06:51:08,UTC+05:30,2025-07-22 04:34:41,2025-07-22 10:48:48,71,19.4,335,374,159,89,87,39,599,127,89,85,false
2025-07-21 05:33:38,2025-07-22 04:34:41,UTC+05:30,2025-07-21 05:33:38,2025-07-21 11:11:44,64,18.5,315,338,151,63,101,21,595,127,94,71,false
2025-07-20 04:27:16,2025-07-21 05:33:38,UTC+05:30,2025-07-20 04:27:16,2025-07-20 10:29:48,72,18.9,346,362,182,92,72,15,587,112,95,,false
2025-07-18 02:35:24,2025-07-19 03:04:00,UTC+05:30,2025-07-18 02:35:24,2025-07-18 10:04:26,73,19.2,414,449,221,79,114,35,590,127,92,39,false
2025-07-17 07:56:12,2025-07-18 02:35:24,UTC+05:30,2025-07-17 07:56:12,2025-07-17 11:12:59,30,18.8,183,196,51,69,63,13,609,127,93,67,false
2025-07-15 05:52:46,2025-07-16 03:50:00,UTC+05:30,2025-07-15 05:52:46,2025-07-15 11:26:58,63,19.0,312,334,166,86,60,22,600,127,93,,false
2025-07-12 07:14:47,2025-07-14 00:00:00,UTC+05:30,2025-07-12 07:14:47,2025-07-12 11:24:44,54,19.2,240,249,96,70,74,9,496,8,96,52,false
2025-07-11 02:02:39,2025-07-12 07:14:47,UTC+05:30,2025-07-11 02:02:39,2025-07-11 10:54:16,84,19.1,502,531,263,103,136,29,516,52,94,69,false
2025-07-10 05:02:05,2025-07-11 02:02:39,UTC+05:30,2025-07-10 05:02:05,2025-07-10 10:55:51,79,18.4,323,343,229,64,30,20,404,0,94,60,false
2025-07-09 03:26:43,2025-07-10 05:02:05,UTC+05:30,2025-07-09 15:29:37,2025-07-09 16:51:49,25,18.7,63,69,24,32,7,6,461,0,91,,true
2025-07-09 03:26:43,2025-07-10 05:02:05,UTC+05:30,2025-07-09 03:26:43,2025-07-09 10:54:41,87,18.7,394,445,173,100,121,51,317,127,88,74,false
2025-07-08 02:08:18,2025-07-09 03:26:43,UTC+05:30,2025-07-08 06:14:23,2025-07-08 11:03:45,53,18.5,276,285,145,61,70,9,587,127,97,,true
2025-07-08 02:08:18,2025-07-09 03:26:43,UTC+05:30,2025-07-08 02:08:18,2025-07-08 03:51:09,26,19.5,92,102,30,48,14,10,533,56,90,64,false
2025-07-07 02:01:57,2025-07-08 02:08:18,UTC+05:30,2025-07-07 02:01:57,2025-07-07 10:50:41,85,18.8,494,526,282,92,120,32,583,121,94,80,false
2025-07-06 03:11:09,2025-07-07 02:01:57,UTC+05:30,2025-07-06 03:11:09,2025-07-06 10:55:28,76,18.7,393,459,239,61,93,66,581,117,85,,false
2025-07-04 03:28:59,2025-07-06 03:11:09,UTC+05:30,2025-07-04 03:28:59,2025-07-04 09:11:42,70,19.0,317,339,184,68,65,22,552,88,93,,false
2025-07-03 02:23:50,2025-07-04 03:28:59,UTC+05:30,2025-07-03 02:23:50,2025-07-03 10:52:51,83,18.9,454,507,237,91,126,53,591,127,89,,false
2025-06-25 03:44:29,2025-06-26 03:44:29,UTC+05:30,2025-06-25 03:44:29,2025-06-25 10:36:24,75,18.8,384,407,245,78,61,23,590,127,94,63,false
2025-06-24 04:03:56,2025-06-25 03:44:29,UTC+05:30,2025-06-24 04:03:56,2025-06-24 10:23:40,64,19.1,344,376,131,115,98,32,606,127,91,47,false
2025-06-22 05:47:16,2025-06-24 04:03:56,UTC+05:30,2025-06-22 05:47:16,2025-06-22 11:06:25,69,19.2,306,315,138,53,115,9,544,127,97,,false
2025-06-21 00:00:00,2025-06-22 05:47:16,UTC+05:30,2025-06-22 02:32:07,2025-06-22 03:47:06,22,17.9,55,64,22,31,2,9,591,127,86,,true
2025-06-19 02:33:50,2025-06-21 00:00:00,UTC+05:30,2025-06-19 02:33:50,2025-06-19 05:28:48,29,19.3,153,172,83,47,23,19,588,94,89,,false
2025-06-15 01:10:42,2025-06-17 00:00:00,UTC+05:30,2025-06-15 01:10:42,2025-06-15 10:02:47,76,19.2,444,528,253,84,107,84,591,127,84,70,false
2025-06-14 03:13:32,2025-06-15 01:10:42,UTC+05:30,2025-06-14 03:13:32,2025-06-14 09:58:15,77,18.7,360,403,178,88,94,43,585,123,89,82,false
2025-06-13 02:46:02,2025-06-14 03:13:32,UTC+05:30,2025-06-13 02:46:02,2025-06-13 09:49:58,76,18.3,398,423,229,100,69,25,590,127,94,59,false
2025-06-12 04:56:26,2025-06-13 02:46:02,UTC+05:30,2025-06-12 04:56:26,2025-06-12 08:46:12,35,18.6,211,229,102,81,28,18,592,127,92,58,false
2025-06-10 02:48:37,2025-06-11 01:42:41,UTC+05:30,2025-06-10 02:48:37,2025-06-10 10:01:42,71,18.5,379,433,198,91,90,54,612,127,87,62,false
2025-06-09 01:42:41,2025-06-10 02:48:37,UTC+05:30,2025-06-09 01:42:41,2025-06-09 08:20:12,71,18.6,366,394,161,110,95,28,592,127,92,53,false
2025-06-08 05:42:33,2025-06-09 01:42:41,UTC+05:30,2025-06-08 05:42:33,2025-06-08 10:50:10,49,18.7,292,306,168,68,56,14,602,127,95,36,false
2025-06-07 02:09:39,2025-06-08 05:42:33,UTC+05:30,2025-06-07 02:09:39,2025-06-07 06:06:09,30,19.1,189,233,114,46,29,44,463,0,81,48,false
2025-06-06 00:31:13,2025-06-07 02:09:39,UTC+05:30,2025-06-06 00:31:13,2025-06-06 09:28:35,73,18.3,456,536,276,75,105,80,428,127,84,37,false
2025-06-05 00:45:01,2025-06-06 00:31:13,UTC+05:30,2025-06-05 08:03:23,2025-06-05 11:08:55,22,19.3,167,185,55,48,64,18,591,127,91,,true
2025-06-05 00:45:01,2025-06-06 00:31:13,UTC+05:30,2025-06-05 00:45:01,2025-06-05 05:54:05,39,18.9,272,303,122,66,84,31,619,127,89,25,false
2025-06-04 06:03:47,2025-06-05 00:45:01,UTC+05:30,2025-06-04 06:03:47,2025-06-04 10:01:14,47,19.7,220,232,104,73,43,12,521,127,95,,false
2025-06-02 00:00:00,2025-06-04 06:03:47,UTC+05:30,2025-06-02 15:06:16,2025-06-02 16:39:02,10,19.3,68,86,21,35,12,18,589,127,78,,true
2025-05-31 02:39:10,2025-06-01 02:39:10,UTC+05:30,2025-05-31 02:39:10,2025-05-31 09:10:51,72,19.2,348,391,193,101,54,43,591,127,89,75,false
2025-05-30 03:10:44,2025-05-31 02:39:10,UTC+05:30,2025-05-30 03:10:44,2025-05-30 10:16:07,75,19.1,369,425,211,46,112,56,586,117,86,77,false
2025-05-29 02:45:21,2025-05-30 03:10:44,UTC+05:30,2025-05-29 02:45:21,2025-05-29 10:44:35,75,18.9,411,477,207,72,132,66,595,127,86,63,false
2025-05-28 05:28:45,2025-05-29 02:45:21,UTC+05:30,2025-05-28 05:28:45,2025-05-28 10:03:42,48,20.0,259,274,104,81,74,15,617,127,95,75,false
2025-05-27 05:00:54,2025-05-28 05:28:45,UTC+05:30,2025-05-27 05:00:54,2025-05-27 08:57:52,40,18.3,226,233,156,48,22,7,594,125,98,68,false
2025-05-26 02:17:58,2025-05-27 05:00:54,UTC+05:30,2025-05-26 02:17:58,2025-05-26 09:02:12,75,19.1,393,404,192,97,104,11,589,127,97,67,false
2025-05-25 05:29:25,2025-05-26 02:17:58,UTC+05:30,2025-05-25 05:29:25,2025-05-25 10:17:20,55,19.0,275,284,109,93,73,9,598,127,96,78,false
2025-05-24 03:33:19,2025-05-25 05:29:25,UTC+05:30,2025-05-24 03:33:19,2025-05-24 10:32:56,76,19.2,384,419,181,102,101,35,603,127,91,,false
2025-05-23 04:22:18,2025-05-24 03:33:19,UTC+05:30,2025-05-23 04:22:18,2025-05-23 10:30:30,70,19.4,344,368,173,75,96,24,598,127,93,,false
2025-05-20 05:29:19,2025-05-22 00:00:00,UTC+05:30,2025-05-20 05:29:19,2025-05-20 09:39:44,43,19.3,231,246,136,62,33,15,599,127,94,77,false
2025-05-19 05:12:15,2025-05-20 05:29:19,UTC+05:30,2025-05-19 05:12:15,2025-05-19 10:53:03,68,19.8,327,340,175,83,69,13,591,127,96,,false
2025-05-18 03:55:35,2025-05-19 05:12:15,UTC+05:30,2025-05-18 03:55:35,2025-05-18 10:41:45,76,19.5,374,402,226,51,97,28,590,127,93,,false
2025-05-07 05:29:36,2025-05-08 05:29:36,UTC+05:30,2025-05-07 05:29:36,2025-05-07 10:27:55,49,18.0,262,298,89,105,68,36,593,127,88,74,false
2025-05-06 04:30:39,2025-05-07 05:29:36,UTC+05:30,2025-05-06 04:30:39,2025-05-06 09:44:31,56,18.6,284,313,138,71,75,29,599,115,90,75,false
2025-05-05 04:40:52,2025-05-06 04:30:39,UTC+05:30,2025-05-05 04:40:52,2025-05-05 12:26:38,69,18.2,405,461,221,98,86,56,584,120,87,63,false
2025-05-04 04:09:40,2025-05-05 04:40:52,UTC+05:30,2025-05-04 04:09:40,2025-05-04 10:15:27,64,18.8,339,365,174,87,78,26,527,127,92,69,false
2025-05-03 04:48:07,2025-05-04 04:09:40,UTC+05:30,2025-05-03 16:11:00,2025-05-03 17:38:28,11,15.3,66,87,18,28,20,21,590,127,75,,true
2025-05-03 04:48:07,2025-05-04 04:09:40,UTC+05:30,2025-05-03 04:48:07,2025-05-03 10:09:12,50,18.7,293,321,134,95,64,28,592,127,91,77,false
2025-05-02 04:50:22,2025-05-03 04:48:07,UTC+05:30,2025-05-02 04:50:22,2025-05-02 09:55:35,51,19.7,300,305,183,77,40,5,591,127,98,65,false
2025-05-01 03:34:27,2025-05-02 04:50:22,UTC+05:30,2025-05-01 03:34:27,2025-05-01 09:31:35,54,19.2,319,355,136,96,87,36,589,127,89,62,false
2025-04-30 03:51:15,2025-05-01 03:34:27,UTC+05:30,2025-04-30 03:51:15,2025-04-30 05:58:08,20,20.6,119,126,31,55,33,7,600,126,94,61,false
2025-04-29 04:04:16,2025-04-30 03:51:15,UTC+05:30,2025-04-29 04:04:16,2025-04-29 10:48:01,65,19.0,360,390,148,95,117,30,557,127,92,51,false
2025-04-28 04:19:09,2025-04-29 04:04:16,UTC+05:30,2025-04-28 16:40:42,2025-04-28 17:54:14,12,19.1,70,73,10,52,8,3,592,127,97,,true
2025-04-28 04:19:09,2025-04-29 04:04:16,UTC+05:30,2025-04-28 04:19:09,2025-04-28 05:48:52,14,18.3,81,89,29,40,12,8,593,117,90,72,false
2025-04-27 02:20:26,2025-04-28 04:19:09,UTC+05:30,2025-04-27 02:20:26,2025-04-27 09:46:29,69,19.0,413,442,215,71,127,29,595,127,93,71,false
2025-04-26 05:04:02,2025-04-27 02:20:26,UTC+05:30,2025-04-26 05:04:02,2025-04-26 10:40:30,52,19.0,306,336,159,83,64,30,589,125,91,62,false
2025-04-25 01:26:34,2025-04-26 05:04:02,UTC+05:30,2025-04-25 01:26:34,2025-04-25 08:53:35,67,18.8,396,447,218,74,104,51,592,127,88,65,false
2025-04-24 02:55:04,2025-04-25 01:26:34,UTC+05:30,2025-04-24 02:55:04,2025-04-24 10:15:21,62,18.8,368,438,176,102,90,70,594,127,84,64,false
2025-04-23 03:23:18,2025-04-24 02:55:04,UTC+05:30,2025-04-23 03:23:18,2025-04-23 09:59:50,57,18.3,340,391,155,93,92,51,600,127,86,54,false
2025-04-22 04:43:39,2025-04-23 03:23:18,UTC+05:30,2025-04-22 04:43:39,2025-04-22 10:16:16,53,19.0,318,332,157,71,90,14,599,127,95,50,false
2025-04-20 08:45:44,2025-04-21 00:16:18,UTC+05:30,2025-04-20 08:45:44,2025-04-20 11:52:43,33,20.0,180,184,61,62,57,4,543,65,97,35,false
2025-04-19 02:41:03,2025-04-20 08:45:44,UTC+05:30,2025-04-19 02:41:03,2025-04-19 10:54:13,81,19.2,432,490,269,77,86,58,534,69,88,68,false
2025-04-18 03:47:12,2025-04-19 02:41:03,UTC+05:30,2025-04-18 03:47:12,2025-04-18 09:18:51,74,19.2,310,327,142,103,65,17,418,127,94,69,false
2025-04-17 03:08:36,2025-04-18 03:47:12,UTC+05:30,2025-04-17 06:55:57,2025-04-17 09:55:14,29,19.2,172,178,91,43,38,6,588,127,96,,true
2025-04-17 03:08:36,2025-04-18 03:47:12,UTC+05:30,2025-04-17 03:08:36,2025-04-17 04:11:34,10,18.3,57,62,31,23,3,5,586,118,92,62,false
2025-04-16 01:24:32,2025-04-17 03:08:36,UTC+05:30,2025-04-16 01:24:32,2025-04-16 10:11:20,69,19.3,415,526,196,125,94,111,599,127,78,58,false
2025-04-15 02:50:25,2025-04-16 01:24:32,UTC+05:30,2025-04-15 02:50:25,2025-04-15 09:34:39,57,19.4,335,400,144,96,95,65,592,127,83,58,false
2025-04-14 02:32:05,2025-04-15 02:50:25,UTC+05:30,2025-04-14 02:32:05,2025-04-14 09:16:20,62,18.8,365,404,174,103,88,39,590,127,90,,false
2025-04-12 00:00:00,2025-04-13 00:00:00,UTC+05:30,2025-04-12 11:20:03,2025-04-12 13:00:02,16,19.3,92,97,20,40,32,5,589,127,94,,true
2025-04-09 05:37:27,2025-04-10 05:37:27,UTC+05:30,2025-04-09 05:37:27,2025-04-09 10:29:13,44,19.0,261,284,129,81,51,23,591,126,91,74,false
2025-04-08 04:44:53,2025-04-09 05:37:27,UTC+05:30,2025-04-08 04:44:53,2025-04-08 10:42:01,62,19.1,324,352,184,83,57,28,521,126,92,74,false
2025-04-07 04:50:05,2025-04-08 04:44:53,UTC+05:30,2025-04-07 15:15:54,2025-04-07 16:38:05,12,20.7,72,82,45,27,0,10,588,126,88,,true
2025-04-07 04:50:05,2025-04-08 04:44:53,UTC+05:30,2025-04-07 04:50:05,2025-04-07 10:23:11,55,18.6,313,329,182,85,46,16,566,103,95,73,false
2025-04-06 05:04:49,2025-04-07 04:50:05,UTC+05:30,2025-04-06 05:04:49,2025-04-06 10:40:48,66,19.0,309,334,165,80,64,25,470,111,92,56,false
2025-04-05 02:21:08,2025-04-06 05:04:49,UTC+05:30,2025-04-05 15:09:42,2025-04-05 17:07:57,19,20.1,107,113,41,57,9,6,573,111,94,,true
2025-04-05 02:21:08,2025-04-06 05:04:49,UTC+05:30,2025-04-05 02:21:08,2025-04-05 10:01:37,71,19.0,429,458,194,137,98,29,603,127,93,67,false
2025-04-04 05:32:35,2025-04-05 02:21:08,UTC+05:30,2025-04-04 05:32:35,2025-04-04 09:36:46,39,18.6,227,244,139,57,31,17,589,116,93,74,false
2025-04-03 04:30:25,2025-04-04 05:32:35,UTC+05:30,2025-04-03 04:30:25,2025-04-03 10:32:50,58,18.9,323,362,146,94,83,39,556,89,89,74,false
2025-04-02 02:32:25,2025-04-03 04:30:25,UTC+05:30,2025-04-02 02:32:25,2025-04-02 10:33:33,77,18.5,455,479,232,103,120,24,593,127,94,70,false
2025-04-01 05:22:58,2025-04-02 02:32:25,UTC+05:30,2025-04-01 05:22:58,2025-04-01 10:06:34,50,19.2,263,276,131,86,46,13,524,112,96,56,false
2025-03-31 02:45:49,2025-04-01 05:22:58,UTC+05:30,2025-03-31 13:58:45,2025-03-31 15:45:27,18,19.5,101,106,23,48,30,5,574,112,96,,true
2025-03-31 02:45:49,2025-04-01 05:22:58,UTC+05:30,2025-03-31 02:45:49,2025-03-31 09:58:25,70,18.5,413,432,233,100,80,19,588,117,95,82,false
2025-03-30 04:06:36,2025-03-31 02:45:49,UTC+05:30,2025-03-30 04:06:36,2025-03-30 10:35:28,61,19.1,362,385,169,94,99,23,597,127,94,79,false
2025-03-29 02:41:15,2025-03-30 04:06:36,UTC+05:30,2025-03-29 02:41:15,2025-03-29 09:54:20,63,19.2,394,429,192,80,122,35,627,127,91,75,false
2025-03-28 04:00:09,2025-03-29 02:41:15,UTC+05:30,2025-03-28 04:00:09,2025-03-28 10:03:32,62,18.6,340,359,179,92,69,19,550,87,94,67,false
2025-03-27 03:06:42,2025-03-28 04:00:09,UTC+05:30,2025-03-27 03:06:42,2025-03-27 10:19:47,74,18.8,389,433,204,75,110,44,525,127,89,49,false
2025-03-26 05:07:28,2025-03-27 03:06:42,UTC+05:30,2025-03-26 13:59:14,2025-03-26 15:19:02,13,18.3,73,78,38,31,4,5,589,127,94,,true
2025-03-26 05:07:28,2025-03-27 03:06:42,UTC+05:30,2025-03-26 05:07:28,2025-03-26 09:27:59,44,18.1,242,258,102,70,70,16,545,74,93,58,false
2025-03-25 00:22:55,2025-03-26 05:07:28,UTC+05:30,2025-03-25 00:22:55,2025-03-25 09:04:55,80,18.6,473,522,226,122,125,49,590,127,90,41,false
2025-03-24 04:48:12,2025-03-25 00:22:55,UTC+05:30,2025-03-24 04:48:12,2025-03-24 08:24:01,40,18.6,201,213,70,61,70,12,508,127,94,49,false
2025-03-23 03:32:32,2025-03-24 04:48:12,UTC+05:30,2025-03-23 17:30:00,2025-03-23 18:58:56,14,19.6,85,88,38,37,10,3,590,127,96,,true
2025-03-23 03:32:32,2025-03-24 04:48:12,UTC+05:30,2025-03-23 03:32:32,2025-03-23 07:54:01,42,19.5,242,261,130,59,53,19,581,114,92,74,false
2025-03-22 04:50:34,2025-03-23 03:32:32,UTC+05:30,2025-03-22 04:50:34,2025-03-22 11:05:58,60,19.2,345,374,148,103,94,29,575,101,92,69,false
2025-03-21 03:51:00,2025-03-22 04:50:34,UTC+05:30,2025-03-21 03:51:00,2025-03-21 10:09:30,69,19.3,348,378,161,99,88,30,506,43,92,75,false
2025-03-20 03:24:21,2025-03-21 03:51:00,UTC+05:30,2025-03-20 03:24:21,2025-03-20 10:09:04,85,18.8,379,404,163,80,136,25,446,127,93,56,false
2025-03-19 04:49:56,2025-03-20 03:24:21,UTC+05:30,2025-03-19 13:31:27,2025-03-19 16:24:00,25,19.5,148,170,65,55,28,22,589,127,87,,true
2025-03-19 04:49:56,2025-03-20 03:24:21,UTC+05:30,2025-03-19 04:49:56,2025-03-19 10:17:16,52,19.0,310,326,123,102,85,16,601,105,95,75,false
2025-03-18 03:30:09,2025-03-19 04:49:56,UTC+05:30,2025-03-18 03:30:09,2025-03-18 10:23:02,62,18.5,348,409,180,84,84,61,559,76,85,74,false
2025-03-17 02:22:45,2025-03-18 03:30:09,UTC+05:30,2025-03-17 02:22:45,2025-03-17 10:20:03,78,18.8,430,473,211,106,113,43,549,127,90,60,false
2025-03-16 05:28:03,2025-03-17 02:22:45,UTC+05:30,2025-03-16 18:10:00,2025-03-16 19:00:00,7,19.1,44,50,17,27,0,6,592,127,88,,true
2025-03-16 05:28:03,2025-03-17 02:22:45,UTC+05:30,2025-03-16 05:28:03,2025-03-16 10:33:45,51,18.6,270,305,108,96,66,35,526,53,88,62,false
2025-03-15 02:22:23,2025-03-16 05:28:03,UTC+05:30,2025-03-15 02:22:23,2025-03-15 09:57:34,84,18.3,441,453,243,110,88,12,524,127,97,61,false
2025-03-14 04:07:40,2025-03-15 02:22:23,UTC+05:30,2025-03-14 14:49:43,2025-03-14 15:58:28,11,19.8,66,68,16,33,17,2,590,127,97,,true
2025-03-14 04:07:40,2025-03-15 02:22:23,UTC+05:30,2025-03-14 04:07:40,2025-03-14 08:55:35,42,18.4,251,277,89,97,65,26,594,126,90,81,false
2025-03-13 04:54:18,2025-03-14 04:07:40,UTC+05:30,2025-03-13 04:54:18,2025-03-13 09:56:09,53,19.4,288,301,160,75,53,13,541,76,95,66,false
2025-03-12 03:22:09,2025-03-13 04:54:18,UTC+05:30,2025-03-12 03:22:09,2025-03-12 10:27:04,77,19.0,398,424,171,112,115,26,516,127,93,52,false
2025-03-11 04:13:38,2025-03-12 03:22:09,UTC+05:30,2025-03-11 14:04:21,2025-03-11 15:52:01,15,19.3,89,107,40,41,8,18,589,127,82,,true
2025-03-11 04:13:38,2025-03-12 03:22:09,UTC+05:30,2025-03-11 04:13:38,2025-03-11 09:29:54,53,18.9,303,313,120,91,92,10,578,112,96,58,false
2025-03-10 03:48:43,2025-03-11 04:13:38,UTC+05:30,2025-03-10 03:48:43,2025-03-10 10:02:12,67,17.9,348,371,129,104,115,23,522,51,93,47,false
2025-03-09 00:47:49,2025-03-10 03:48:43,UTC+05:30,2025-03-09 00:47:49,2025-03-09 08:33:35,85,18.2,446,462,228,91,127,16,526,127,96,40,false
2025-03-08 01:30:32,2025-03-09 00:47:49,UTC+05:30,2025-03-08 15:34:28,2025-03-08 16:51:51,12,20.2,68,75,28,27,13,7,592,127,90,,true
2025-03-08 01:30:32,2025-03-09 00:47:49,UTC+05:30,2025-03-08 01:30:32,2025-03-08 03:43:11,21,20.0,119,132,40,64,15,13,566,103,89,72,false
2025-03-07 03:13:37,2025-03-08 01:30:32,UTC+05:30,2025-03-07 03:13:37,2025-03-07 10:36:18,72,18.0,420,434,182,117,121,14,581,115,96,79,false
2025-03-06 02:40:20,2025-03-07 03:13:37,UTC+05:30,2025-03-06 02:40:20,2025-03-06 10:13:10,70,16.8,418,436,233,117,68,18,598,120,96,76,false
2025-03-05 02:18:34,2025-03-06 02:40:20,UTC+05:30,2025-03-05 02:18:34,2025-03-05 08:14:45,59,17.8,342,354,178,102,62,12,582,112,96,73,false
2025-03-04 03:46:05,2025-03-05 02:18:34,UTC+05:30,2025-03-04 03:46:05,2025-03-04 10:02:26,61,18.6,355,374,174,93,88,19,580,114,94,78,false
2025-03-03 03:35:54,2025-03-04 03:46:05,UTC+05:30,2025-03-03 03:35:54,2025-03-03 10:01:43,66,18.1,353,379,173,95,85,26,531,127,93,63,false
2025-03-02 05:07:21,2025-03-03 03:35:54,UTC+05:30,2025-03-02 15:34:26,2025-03-02 16:41:44,10,20.5,61,62,14,39,8,1,590,127,100,,true
2025-03-02 05:07:21,2025-03-03 03:35:54,UTC+05:30,2025-03-02 05:07:21,2025-03-02 10:23:38,51,18.1,301,315,133,92,76,14,592,126,95,58,false
2025-03-01 01:58:10,2025-03-02 05:07:21,UTC+05:30,2025-03-01 01:58:10,2025-03-01 08:30:53,66,19.3,377,392,152,103,122,15,574,110,96,76,false
2025-02-28 03:24:06,2025-03-01 01:58:10,UTC+05:30,2025-02-28 03:24:06,2025-02-28 09:35:11,67,19.5,350,361,180,81,89,11,521,57,96,75,false
2025-02-27 02:40:37,2025-02-28 03:24:06,UTC+05:30,2025-02-27 02:40:37,2025-02-27 10:10:31,83,18.3,423,447,267,66,90,24,511,113,94,71,false
2025-02-26 02:37:05,2025-02-27 02:40:37,UTC+05:30,2025-02-26 12:37:55,2025-02-26 14:02:31,12,18.8,66,80,11,34,21,14,575,113,83,,true
2025-02-26 02:37:05,2025-02-27 02:40:37,UTC+05:30,2025-02-26 02:37:05,2025-02-26 09:59:47,70,18.2,420,440,223,97,100,20,597,127,95,82,false
2025-02-25 02:11:20,2025-02-26 02:37:05,UTC+05:30,2025-02-25 02:11:20,2025-02-25 07:48:45,56,18.5,333,337,179,76,78,4,600,127,98,81,false
2025-02-24 02:45:11,2025-02-25 02:11:20,UTC+05:30,2025-02-24 02:45:11,2025-02-24 09:56:50,62,18.3,368,429,199,78,91,61,596,127,86,80,false
2025-02-23 02:35:24,2025-02-24 02:45:11,UTC+05:30,2025-02-23 02:35:24,2025-02-23 08:38:14,56,17.7,328,354,137,56,135,26,589,125,92,74,false
2025-02-22 03:30:03,2025-02-23 02:35:24,UTC+05:30,2025-02-22 03:30:03,2025-02-22 09:52:39,57,17.8,331,382,159,75,97,51,581,116,87,66,false
2025-02-21 02:23:29,2025-02-22 03:30:03,UTC+05:30,2025-02-21 02:23:29,2025-02-21 08:44:39,58,18.4,327,369,174,66,87,42,561,127,91,62,false
2025-02-20 03:31:08,2025-02-21 02:23:29,UTC+05:30,2025-02-20 14:00:00,2025-02-20 15:00:00,5,18.3,32,60,32,0,0,28,590,127,53,,true
2025-02-20 03:31:08,2025-02-21 02:23:29,UTC+05:30,2025-02-20 03:31:08,2025-02-20 09:31:09,60,18.1,311,355,180,81,50,44,520,83,90,49,false
2025-02-18 23:54:48,2025-02-20 03:31:08,UTC+05:30,2025-02-19 14:28:38,2025-02-19 16:08:36,12,18.0,62,99,60,2,0,37,545,83,64,,true
2025-02-18 23:54:48,2025-02-20 03:31:08,UTC+05:30,2025-02-18 23:54:48,2025-02-19 09:07:51,78,17.9,466,539,200,129,137,73,595,127,86,51,false
2025-02-18 04:04:06,2025-02-18 23:54:48,UTC+05:30,2025-02-18 04:04:06,2025-02-18 09:19:20,51,18.8,278,314,155,62,61,36,542,127,89,44,false
2025-02-16 23:33:18,2025-02-18 04:04:06,UTC+05:30,2025-02-17 13:40:31,2025-02-17 15:09:56,12,19.7,73,86,45,11,17,13,590,127,87,,true
2025-02-16 23:33:18,2025-02-18 04:04:06,UTC+05:30,2025-02-16 23:33:18,2025-02-17 07:29:09,66,18.0,398,474,257,78,63,76,599,117,86,45,false
2025-02-16 04:13:57,2025-02-16 23:33:18,UTC+05:30,2025-02-16 04:13:57,2025-02-16 09:20:08,52,18.5,251,304,147,48,56,53,486,122,83,56,false
2025-02-15 03:05:45,2025-02-16 04:13:57,UTC+05:30,2025-02-15 16:03:08,2025-02-15 17:55:37,17,20.2,101,107,77,7,17,6,582,122,94,,true
2025-02-15 03:05:45,2025-02-16 04:13:57,UTC+05:30,2025-02-15 03:05:45,2025-02-15 08:23:00,54,18.8,287,312,186,57,44,25,532,127,92,64,false
2025-02-14 01:12:30,2025-02-15 03:05:45,UTC+05:30,2025-02-14 15:26:30,2025-02-14 16:38:07,11,21.8,62,71,35,18,9,9,590,127,87,,true
2025-02-14 01:12:30,2025-02-15 03:05:45,UTC+05:30,2025-02-14 01:12:30,2025-02-14 08:43:52,59,18.1,355,436,180,73,102,81,598,127,81,67,false
2025-02-13 03:49:45,2025-02-14 01:12:30,UTC+05:30,2025-02-13 03:49:45,2025-02-13 08:48:14,47,17.8,280,296,129,72,79,16,595,127,95,75,false
2025-02-12 04:22:40,2025-02-13 03:49:45,UTC+05:30,2025-02-12 04:22:40,2025-02-12 09:33:10,48,17.6,283,310,166,51,66,27,588,116,93,60,false
2025-02-11 01:19:29,2025-02-12 04:22:40,UTC+05:30,2025-02-11 01:19:29,2025-02-11 10:10:05,70,17.7,417,515,183,87,147,98,597,127,81,79,false
2025-02-10 01:15:13,2025-02-11 01:19:29,UTC+05:30,2025-02-10 01:15:13,2025-02-10 09:48:34,61,18.0,375,513,192,70,113,138,613,127,73,71,false
2025-02-09 02:44:10,2025-02-10 01:15:13,UTC+05:30,2025-02-09 02:44:10,2025-02-09 08:28:48,41,17.6,247,344,147,63,37,97,601,115,71,71,false
2025-02-08 00:56:14,2025-02-09 02:44:10,UTC+05:30,2025-02-08 00:56:14,2025-02-08 08:29:59,70,17.6,415,453,160,82,173,38,595,127,92,62,false
2025-02-07 01:45:07,2025-02-08 00:56:14,UTC+05:30,2025-02-07 01:45:07,2025-02-07 08:37:45,63,18.2,372,404,178,63,131,32,591,127,92,62,false
2025-02-06 05:33:04,2025-02-07 01:45:07,UTC+05:30,2025-02-06 05:33:04,2025-02-06 10:33:29,37,18.0,229,300,119,54,56,71,620,119,77,49,false
2025-02-05 02:46:43,2025-02-06 05:33:04,UTC+05:30,2025-02-05 02:46:43,2025-02-05 10:04:59,60,19.5,366,432,179,81,106,66,606,109,85,62,false
2025-02-04 01:46:19,2025-02-05 02:46:43,UTC+05:30,2025-02-04 01:46:19,2025-02-04 08:34:10,68,18.1,360,403,129,78,153,43,529,127,89,59,false
2025-02-03 01:03:46,2025-02-04 01:46:19,UTC+05:30,2025-02-03 14:06:10,2025-02-03 15:22:06,10,18.1,60,75,46,0,14,15,589,127,81,,true
2025-02-03 01:03:46,2025-02-04 01:46:19,UTC+05:30,2025-02-03 01:03:46,2025-02-03 08:38:28,66,17.4,398,451,148,89,161,53,608,127,89,60,false
2025-02-02 04:47:16,2025-02-03 01:03:46,UTC+05:30,2025-02-02 04:47:16,2025-02-02 09:02:02,44,19.1,224,254,122,60,42,30,516,127,89,52,false
2025-02-01 03:24:00,2025-02-02 04:47:16,UTC+05:30,2025-02-01 15:36:23,2025-02-01 17:08:41,13,20.4,75,92,46,10,19,17,590,127,88,,true
2025-02-01 03:24:00,2025-02-02 04:47:16,UTC+05:30,2025-02-01 03:24:00,2025-02-01 09:16:03,53,17.8,304,350,109,70,125,46,569,105,87,69,false
2025-01-31 00:36:46,2025-02-01 03:24:00,UTC+05:30,2025-01-31 00:36:46,2025-01-31 08:30:13,72,18.7,427,473,193,73,161,46,591,127,92,57,false
2025-01-30 03:34:16,2025-01-31 00:36:46,UTC+05:30,2025-01-30 03:34:16,2025-01-30 09:28:31,55,19.2,320,352,128,73,119,32,587,123,92,80,false
2025-01-29 02:45:44,2025-01-30 03:34:16,UTC+05:30,2025-01-29 02:45:44,2025-01-29 11:14:23,70,18.0,439,490,267,74,98,51,631,127,90,75,false
2025-01-28 04:13:35,2025-01-29 02:45:44,UTC+05:30,2025-01-28 04:13:35,2025-01-28 10:48:56,57,18.0,335,394,191,75,69,59,592,127,85,74,false
2025-01-27 03:50:13,2025-01-28 04:13:35,UTC+05:30,2025-01-27 03:50:13,2025-01-27 09:33:20,53,18.5,315,338,206,42,67,23,591,127,93,76,false
2025-01-26 02:21:01,2025-01-27 03:50:13,UTC+05:30,2025-01-26 02:21:01,2025-01-26 10:27:48,55,18.0,318,381,147,84,87,63,579,112,84,78,false
2025-01-25 03:00:07,2025-01-26 02:21:01,UTC+05:30,2025-01-25 03:00:07,2025-01-25 09:07:49,59,18.4,318,367,107,62,149,49,544,111,87,73,false
2025-01-24 03:13:17,2025-01-25 03:00:07,UTC+05:30,2025-01-24 15:50:00,2025-01-24 16:53:00,6,18.3,35,63,24,11,0,28,573,111,61,,true
2025-01-24 03:13:17,2025-01-25 03:00:07,UTC+05:30,2025-01-24 03:13:17,2025-01-24 10:13:26,69,18.8,387,420,176,86,125,33,561,96,92,75,false
2025-01-23 02:39:27,2025-01-24 03:13:17,UTC+05:30,2025-01-23 02:39:27,2025-01-23 10:17:47,73,17.8,411,446,246,84,81,35,561,76,92,69,false
2025-01-22 01:03:12,2025-01-23 02:39:27,UTC+05:30,2025-01-22 01:03:12,2025-01-22 09:52:53,80,17.9,469,529,187,104,178,60,587,102,89,57,false
2025-01-21 03:52:58,2025-01-22 01:03:12,UTC+05:30,2025-01-21 03:52:58,2025-01-21 08:47:37,58,17.8,277,294,120,49,108,17,482,67,95,56,false
2025-01-20 02:25:38,2025-01-21 03:52:58,UTC+05:30,2025-01-20 14:18:24,2025-01-20 15:56:56,14,20.4,73,84,44,17,12,11,530,67,88,,true
2025-01-20 02:25:38,2025-01-21 03:52:58,UTC+05:30,2025-01-20 02:25:38,2025-01-20 09:37:45,79,18.3,391,425,215,67,109,34,496,127,92,64,false
2025-01-19 02:16:04,2025-01-20 02:25:38,UTC+05:30,2025-01-19 16:43:11,2025-01-19 18:28:55,16,19.0,96,105,54,27,15,9,590,127,98,,true
2025-01-19 02:16:04,2025-01-20 02:25:38,UTC+05:30,2025-01-19 02:16:04,2025-01-19 09:37:19,59,19.0,364,441,215,66,83,77,623,127,83,72,false
2025-01-18 04:48:01,2025-01-19 02:16:04,UTC+05:30,2025-01-18 04:48:01,2025-01-18 10:18:42,47,18.8,285,330,129,62,94,45,608,126,87,61,false
2025-01-17 02:18:50,2025-01-18 04:48:01,UTC+05:30,2025-01-17 15:30:00,2025-01-17 15:50:00,3,21.4,15,20,15,0,0,5,588,126,88,,true
2025-01-17 02:18:50,2025-01-18 04:48:01,UTC+05:30,2025-01-17 02:18:50,2025-01-17 08:29:54,56,19.1,328,371,167,70,91,43,582,122,89,75,false
2025-01-16 02:56:48,2025-01-17 02:18:50,UTC+05:30,2025-01-16 18:04:12,2025-01-16 18:25:40,1,19.2,8,21,8,0,0,13,585,122,48,,true
2025-01-16 02:56:48,2025-01-17 02:18:50,UTC+05:30,2025-01-16 02:56:48,2025-01-16 09:58:49,60,17.8,373,422,140,96,137,49,619,124,89,76,false
2025-01-15 03:52:28,2025-01-16 02:56:48,UTC+05:30,2025-01-15 03:52:28,2025-01-15 09:54:24,58,18.5,340,361,152,73,115,21,589,107,94,65,false
2025-01-14 02:02:10,2025-01-15 03:52:28,UTC+05:30,2025-01-14 02:02:10,2025-01-14 09:01:18,69,18.1,376,418,220,80,76,42,543,127,90,64,false
2025-01-13 03:39:28,2025-01-14 02:02:10,UTC+05:30,2025-01-13 16:01:00,2025-01-13 17:01:00,8,18.7,49,60,24,14,11,11,590,127,82,,true
2025-01-13 03:39:28,2025-01-14 02:02:10,UTC+05:30,2025-01-13 03:39:28,2025-01-13 09:17:23,54,17.5,310,337,191,35,84,27,576,122,93,56,false
2025-01-12 01:02:33,2025-01-13 03:39:28,UTC+05:30,2025-01-12 19:47:30,2025-01-12 20:18:24,2,15.5,12,30,12,0,0,18,587,122,48,,true
2025-01-12 01:02:33,2025-01-13 03:39:28,UTC+05:30,2025-01-12 01:02:33,2025-01-12 07:42:37,59,18.0,347,400,231,61,55,53,592,127,87,71,false
2025-01-11 00:59:22,2025-01-12 01:02:33,UTC+05:30,2025-01-11 00:59:22,2025-01-11 09:53:51,65,17.8,386,534,204,79,103,148,591,112,72,61,false
2025-01-10 01:58:18,2025-01-11 00:59:22,UTC+05:30,2025-01-10 01:58:18,2025-01-10 09:18:36,69,17.8,396,438,224,81,91,42,571,106,90,52,false
2025-01-09 05:24:26,2025-01-10 01:58:18,UTC+05:30,2025-01-09 05:24:26,2025-01-09 10:57:03,56,18.5,272,332,139,70,63,60,485,75,82,,false
2025-01-08 01:57:09,2025-01-09 05:24:26,UTC+05:30,2025-01-08 15:07:13,2025-01-08 16:19:19,11,18.4,60,72,37,20,3,12,538,75,83,,true
2025-01-08 01:57:09,2025-01-09 05:24:26,UTC+05:30,2025-01-08 01:57:09,2025-01-08 08:30:20,70,18.3,344,391,170,67,107,47,495,0,88,,false
