Cycle start time,Cycle end time,Cycle timezone,Workout start time,Workout end time,Duration (min),Activity name,Activity Strain,Energy burned (cal),Max HR (bpm),Average HR (bpm),HR Zone 1 %,HR Zone 2 %,HR Zone 3 %,HR Zone 4 %,HR Zone 5 %,GPS enabled
2026-08-15 02:57:33,,UTC+05:30,2026-08-15 14:20:00,2026-08-15 14:43:11,23,Activity,4.3,43.0,135,98,23,0,0,0,0,false
2026-08-15 02:57:33,,UTC+05:30,2026-08-15 13:11:00,2026-08-15 13:48:59,37,Walking,4.7,85.0,144,101,28,0,0,0,0,false
2026-08-15 02:57:33,,UTC+05:30,2026-08-15 11:27:00,2026-08-15 12:08:59,41,Walking,5.0,110.0,151,104,40,1,0,0,0,false
2026-08-14 05:10:00,2026-08-15 02:57:33,UTC+05:30,2026-08-15 01:51:00,2026-08-15 02:03:59,12,Walking,4.2,32.0,134,103,37,0,0,0,0,false
2026-08-14 05:10:00,2026-08-15 02:57:33,UTC+05:30,2026-08-15 00:50:00,2026-08-15 01:18:59,28,Walking,4.2,44.0,128,97,9,0,0,0,0,false
2026-08-14 05:10:00,2026-08-15 02:57:33,UTC+05:30,2026-08-14 23:39:00,2026-08-15 00:10:39,31,Activity,4.9,97.0,155,101,22,6,1,0,0,false
2026-08-13 03:43:21,2026-08-14 05:10:00,UTC+05:30,2026-08-14 00:27:00,2026-08-14 01:33:59,66,Walking,5.6,171.0,140,104,36,0,0,0,0,false
2026-08-13 03:43:21,2026-08-14 05:10:00,UTC+05:30,2026-08-13 21:05:40,2026-08-13 21:48:51,43,Weightlifting,11.1,220.0,153,117,63,12,1,0,0,false
2026-08-13 03:43:21,2026-08-14 05:10:00,UTC+05:30,2026-08-13 11:18:00,2026-08-13 11:39:59,21,Walking,4.1,36.0,124,97,15,0,0,0,0,false
2026-08-12 03:16:35,2026-08-13 03:43:21,UTC+05:30,2026-08-13 00:24:00,2026-08-13 01:01:29,37,Walking,4.0,53.0,124,94,5,0,0,0,0,false
2026-08-10 04:10:27,2026-08-12 03:16:35,UTC+05:30,2026-08-11 00:11:00,2026-08-11 00:50:59,39,Walking,4.3,66.0,127,97,14,0,0,0,0,false
2026-08-09 04:10:56,2026-08-10 04:10:27,UTC+05:30,2026-08-10 01:10:00,2026-08-10 01:57:59,47,Walking,4.3,73.0,127,96,6,0,0,0,0,false
2026-08-09 04:10:56,2026-08-10 04:10:27,UTC+05:30,2026-08-09 19:19:00,2026-08-09 19:33:59,14,Walking,4.3,33.0,124,103,25,0,0,0,0,false
2026-08-09 04:10:56,2026-08-10 04:10:27,UTC+05:30,2026-08-09 14:04:00,2026-08-09 14:49:59,45,Walking,4.9,110.0,142,102,34,0,0,0,0,false
2026-08-09 04:10:56,2026-08-10 04:10:27,UTC+05:30,2026-08-09 12:53:23,2026-08-09 13:27:42,34,Walking,4.2,56.0,132,95,14,0,0,0,0,false
2026-08-08 05:20:15,2026-08-09 04:10:56,UTC+05:30,2026-08-08 18:58:50,2026-08-08 19:11:14,12,Race Walking,4.3,35.0,128,106,46,0,0,0,0,false
2026-08-08 05:20:15,2026-08-09 04:10:56,UTC+05:30,2026-08-08 17:13:37,2026-08-08 18:56:34,102,Weightlifting,11.8,216.0,150,96,24,0,0,0,0,false
2026-08-08 05:20:15,2026-08-09 04:10:56,UTC+05:30,2026-08-08 14:31:00,2026-08-08 14:46:59,15,Walking,4.7,61.0,142,111,61,4,0,0,0,false
2026-08-08 05:20:15,2026-08-09 04:10:56,UTC+05:30,2026-08-08 13:15:00,2026-08-08 14:15:59,60,Walking,5.4,153.0,146,102,37,0,0,0,0,false
2026-08-07 04:00:00,2026-08-08 05:20:15,UTC+05:30,2026-08-07 21:06:00,2026-08-07 21:25:59,19,Weightlifting,6.2,99.0,146,116,75,7,0,0,0,false
2026-08-06 04:00:00,2026-08-07 04:00:00,UTC+05:30,2026-08-07 01:00:00,2026-08-07 01:17:59,17,Walking,4.2,32.0,122,100,13,0,0,0,0,false
2026-08-06 04:00:00,2026-08-07 04:00:00,UTC+05:30,2026-08-06 12:05:00,2026-08-06 12:26:59,21,Walking,5.4,107.0,155,114,36,20,2,0,0,false
2026-08-05 06:03:10,2026-08-06 04:00:00,UTC+05:30,2026-08-06 01:29:45,2026-08-06 01:37:10,7,Walking,0.0,10.0,109,89,0,0,0,0,0,false
2026-08-05 06:03:10,2026-08-06 04:00:00,UTC+05:30,2026-08-05 21:10:00,2026-08-05 22:10:00,60,High Stress Work,0.6,78.0,107,78,0,0,0,0,0,false
2026-08-05 06:03:10,2026-08-06 04:00:00,UTC+05:30,2026-08-05 20:34:00,2026-08-05 20:52:59,18,Walking,4.2,33.0,122,98,19,0,0,0,0,false
2026-08-04 05:19:32,2026-08-05 06:03:10,UTC+05:30,2026-08-05 01:01:00,2026-08-05 01:30:59,29,Walking,6.2,163.0,163,117,51,17,8,0,0,false
2026-08-03 06:55:22,2026-08-04 05:19:32,UTC+05:30,2026-08-03 13:48:00,2026-08-03 14:02:59,14,Walking,4.3,36.0,127,103,32,0,0,0,0,false
2026-08-02 05:19:32,2026-08-03 06:55:22,UTC+05:30,2026-08-03 03:26:00,2026-08-03 03:39:59,13,Weightlifting,4.1,21.0,122,95,15,0,0,0,0,false
2026-08-02 05:19:32,2026-08-03 06:55:22,UTC+05:30,2026-08-02 17:33:00,2026-08-02 17:51:56,18,Walking,4.7,68.0,133,110,67,0,0,0,0,false
2026-08-02 05:19:32,2026-08-03 06:55:22,UTC+05:30,2026-08-02 12:09:00,2026-08-02 12:31:59,22,Walking,4.4,49.0,128,99,30,0,0,0,0,false
2026-08-02 05:19:32,2026-08-03 06:55:22,UTC+05:30,2026-08-02 11:10:00,2026-08-02 11:21:59,11,Walking,4.0,18.0,113,95,0,0,0,0,0,false
2026-07-31 04:08:46,2026-08-02 05:19:32,UTC+05:30,2026-08-01 01:34:00,2026-08-01 02:02:59,28,Walking,4.4,61.0,139,98,22,0,0,0,0,false
2026-07-31 04:08:46,2026-08-02 05:19:32,UTC+05:30,2026-08-01 00:43:00,2026-08-01 01:16:59,33,Walking,4.5,74.0,137,98,22,0,0,0,0,false
2026-07-31 04:08:46,2026-08-02 05:19:32,UTC+05:30,2026-07-31 21:58:00,2026-07-31 22:13:59,15,Walking,3.6,22.0,124,94,5,0,0,0,0,false
2026-07-31 04:08:46,2026-08-02 05:19:32,UTC+05:30,2026-07-31 21:30:00,2026-07-31 21:43:59,13,Walking,4.1,22.0,115,98,2,0,0,0,0,false
2026-07-30 02:35:20,2026-07-31 04:08:46,UTC+05:30,2026-07-31 01:18:00,2026-07-31 01:44:59,26,Walking,4.2,44.0,127,92,11,0,0,0,0,false
2026-07-30 02:35:20,2026-07-31 04:08:46,UTC+05:30,2026-07-31 00:02:00,2026-07-31 00:37:59,35,Walking,4.5,66.0,122,98,15,0,0,0,0,false
2026-07-30 02:35:20,2026-07-31 04:08:46,UTC+05:30,2026-07-30 21:26:00,2026-07-30 22:01:59,35,Weightlifting,9.6,162.0,150,113,73,4,0,0,0,false
2026-07-30 02:35:20,2026-07-31 04:08:46,UTC+05:30,2026-07-30 20:12:00,2026-07-30 20:30:55,18,Walking,4.4,45.0,138,102,32,0,0,0,0,false
2026-07-29 03:15:31,2026-07-30 02:35:20,UTC+05:30,2026-07-29 22:31:00,2026-07-29 22:54:59,23,Walking,5.1,103.0,145,112,71,1,0,0,0,false
2026-07-28 02:31:53,2026-07-29 03:15:31,UTC+05:30,2026-07-29 01:14:00,2026-07-29 01:31:59,17,Walking,4.0,27.0,124,94,5,0,0,0,0,false
2026-07-28 02:31:53,2026-07-29 03:15:31,UTC+05:30,2026-07-29 00:14:00,2026-07-29 00:38:59,24,Walking,4.2,38.0,125,97,5,0,0,0,0,false
2026-07-28 02:31:53,2026-07-29 03:15:31,UTC+05:30,2026-07-28 13:04:00,2026-07-28 13:29:59,25,Walking,4.1,42.0,123,92,8,0,0,0,0,false
2026-07-28 02:31:53,2026-07-29 03:15:31,UTC+05:30,2026-07-28 11:58:00,2026-07-28 12:36:59,38,Walking,4.8,89.0,144,101,28,0,0,0,0,false
2026-07-28 02:31:53,2026-07-29 03:15:31,UTC+05:30,2026-07-28 11:13:00,2026-07-28 11:35:59,22,Walking,4.9,78.0,152,107,54,3,0,0,0,false
2026-07-27 04:50:26,2026-07-28 02:31:53,UTC+05:30,2026-07-27 21:10:00,2026-07-27 21:26:11,16,Walking,4.0,23.0,115,93,2,0,0,0,0,false
2026-07-26 04:06:16,2026-07-27 04:50:26,UTC+05:30,2026-07-27 01:31:00,2026-07-27 01:51:59,20,Walking,4.3,48.0,143,98,23,1,0,0,0,false
2026-07-26 04:06:16,2026-07-27 04:50:26,UTC+05:30,2026-07-27 00:31:00,2026-07-27 01:03:59,32,Walking,5.2,117.0,137,107,54,0,0,0,0,false
2026-07-26 04:06:16,2026-07-27 04:50:26,UTC+05:30,2026-07-26 23:36:00,2026-07-26 23:46:04,10,Walking,4.4,42.0,134,111,68,0,0,0,0,false
2026-07-26 04:06:16,2026-07-27 04:50:26,UTC+05:30,2026-07-26 22:39:00,2026-07-26 23:21:59,42,Walking,4.8,104.0,134,100,27,0,0,0,0,false
2026-07-26 04:06:16,2026-07-27 04:50:26,UTC+05:30,2026-07-26 21:36:00,2026-07-26 22:20:59,44,Walking,5.0,111.0,135,102,30,0,0,0,0,false
2026-07-25 04:47:08,2026-07-26 04:06:16,UTC+05:30,2026-07-26 01:08:00,2026-07-26 01:29:59,21,Walking,4.0,32.0,121,91,3,0,0,0,0,false
2026-07-25 04:47:08,2026-07-26 04:06:16,UTC+05:30,2026-07-26 00:37:00,2026-07-26 00:51:59,14,Walking,3.7,21.0,116,93,3,0,0,0,0,false
2026-07-25 04:47:08,2026-07-26 04:06:16,UTC+05:30,2026-07-25 21:46:00,2026-07-25 22:46:59,60,Walking,4.4,92.0,121,95,5,0,0,0,0,false
2026-07-25 04:47:08,2026-07-26 04:06:16,UTC+05:30,2026-07-25 20:44:00,2026-07-25 21:06:59,22,Walking,5.1,99.0,150,112,53,7,0,0,0,false
2026-07-24 05:33:39,2026-07-25 04:47:08,UTC+05:30,2026-07-25 02:39:00,2026-07-25 02:54:59,15,Walking,5.1,93.0,150,119,87,6,0,0,0,false
2026-07-24 05:33:39,2026-07-25 04:47:08,UTC+05:30,2026-07-25 01:56:00,2026-07-25 02:27:59,31,Walking,4.3,51.0,122,96,5,0,0,0,0,false
2026-07-24 05:33:39,2026-07-25 04:47:08,UTC+05:30,2026-07-24 21:28:31,2026-07-24 22:20:20,51,Weightlifting,11.2,174.0,143,107,51,1,0,0,0,false
2026-07-24 05:33:39,2026-07-25 04:47:08,UTC+05:30,2026-07-24 13:30:00,2026-07-24 13:45:59,15,Walking,4.3,41.0,142,100,37,1,0,0,0,false
2026-07-24 05:33:39,2026-07-25 04:47:08,UTC+05:30,2026-07-24 13:00:00,2026-07-24 13:17:59,17,Walking,4.1,28.0,130,91,13,0,0,0,0,false
2026-07-23 04:47:08,2026-07-24 05:33:39,UTC+05:30,2026-07-24 00:25:00,2026-07-24 02:11:59,106,Walking,4.0,144.0,118,88,1,0,0,0,0,false
2026-07-23 04:47:08,2026-07-24 05:33:39,UTC+05:30,2026-07-23 21:25:14,2026-07-23 22:14:37,49,Weightlifting,10.9,162.0,150,106,45,0,0,0,0,false
2026-07-22 05:31:27,2026-07-23 04:47:08,UTC+05:30,2026-07-23 01:35:00,2026-07-23 01:56:59,21,Walking,5.7,133.0,146,120,69,19,0,0,0,false
2026-07-22 05:31:27,2026-07-23 04:47:08,UTC+05:30,2026-07-23 00:52:00,2026-07-23 01:31:07,39,Activity,4.3,65.0,124,95,10,0,0,0,0,false
2026-07-22 05:31:27,2026-07-23 04:47:08,UTC+05:30,2026-07-22 21:05:06,2026-07-22 22:16:43,71,Weightlifting,12.2,239.0,152,106,51,1,0,0,0,false
2026-07-21 06:35:40,2026-07-22 05:31:27,UTC+05:30,2026-07-22 03:01:00,2026-07-22 03:36:59,35,Walking,5.0,97.0,148,104,34,1,0,0,0,false
2026-07-21 06:35:40,2026-07-22 05:31:27,UTC+05:30,2026-07-22 02:29:00,2026-07-22 02:44:59,15,Walking,5.4,100.0,146,121,58,24,0,0,0,false
2026-07-21 06:35:40,2026-07-22 05:31:27,UTC+05:30,2026-07-22 01:40:00,2026-07-22 01:57:59,17,Walking,4.1,27.0,116,96,4,0,0,0,0,false
2026-07-21 06:35:40,2026-07-22 05:31:27,UTC+05:30,2026-07-22 00:54:00,2026-07-22 01:13:59,19,Walking,4.2,36.0,125,98,13,0,0,0,0,false
2026-07-21 06:35:40,2026-07-22 05:31:27,UTC+05:30,2026-07-21 21:18:00,2026-07-21 22:15:37,57,Weightlifting,11.8,178.0,144,106,42,1,0,0,0,false
2026-07-21 06:35:40,2026-07-22 05:31:27,UTC+05:30,2026-07-21 20:06:00,2026-07-21 20:19:59,13,Walking,1.9,19.0,116,92,1,0,0,0,0,false
2026-07-20 03:39:13,2026-07-21 06:35:40,UTC+05:30,2026-07-20 21:23:56,2026-07-20 22:21:59,58,Weightlifting,12.2,237.0,151,107,57,6,0,0,0,false
2026-07-19 05:34:19,2026-07-20 03:39:13,UTC+05:30,2026-07-20 00:49:55,2026-07-20 02:00:40,70,Race Walking,4.5,123.0,137,93,11,0,0,0,0,false
2026-07-19 05:34:19,2026-07-20 03:39:13,UTC+05:30,2026-07-19 23:31:00,2026-07-19 23:45:59,14,Walking,4.0,23.0,125,95,10,0,0,0,0,false
2026-07-19 05:34:19,2026-07-20 03:39:13,UTC+05:30,2026-07-19 22:48:00,2026-07-19 23:17:59,29,Walking,4.7,81.0,135,102,34,0,0,0,0,false
2026-07-19 05:34:19,2026-07-20 03:39:13,UTC+05:30,2026-07-19 21:11:00,2026-07-19 21:23:59,12,Weightlifting,4.3,33.0,136,102,35,0,0,0,0,false
2026-07-18 06:01:20,2026-07-19 05:34:19,UTC+05:30,2026-07-19 02:11:00,2026-07-19 02:26:59,15,Walking,4.2,34.0,127,96,21,0,0,0,0,false
2026-07-18 06:01:20,2026-07-19 05:34:19,UTC+05:30,2026-07-18 21:14:12,2026-07-18 22:32:58,78,Weightlifting,12.1,233.0,150,104,45,0,0,0,0,false
2026-07-18 06:01:20,2026-07-19 05:34:19,UTC+05:30,2026-07-18 20:20:00,2026-07-18 20:43:59,23,Walking,4.3,43.0,119,98,9,0,0,0,0,false
2026-07-18 06:01:20,2026-07-19 05:34:19,UTC+05:30,2026-07-18 12:29:00,2026-07-18 12:59:00,29,Walking,4.3,55.0,130,95,17,0,0,0,0,false
2026-07-17 05:34:58,2026-07-18 06:01:20,UTC+05:30,2026-07-18 01:40:00,2026-07-18 02:41:59,61,Walking,4.9,126.0,133,99,20,0,0,0,0,false
2026-07-15 06:41:11,2026-07-16 05:34:58,UTC+05:30,2026-07-15 21:19:00,2026-07-15 22:16:59,57,Weightlifting,12.2,229.0,147,110,59,2,0,0,0,false
2026-07-14 03:20:00,2026-07-15 06:41:11,UTC+05:30,2026-07-14 21:49:17,2026-07-14 22:11:09,21,Weightlifting,5.4,29.0,96,77,0,0,0,0,0,false
2026-07-13 04:48:12,2026-07-14 03:20:00,UTC+05:30,2026-07-14 02:30:00,2026-07-14 02:58:59,28,Walking,5.2,110.0,148,106,40,8,0,0,0,false
2026-07-13 04:48:12,2026-07-14 03:20:00,UTC+05:30,2026-07-14 01:45:00,2026-07-14 01:58:31,13,Activity,4.4,45.0,140,107,52,0,0,0,0,false
2026-07-13 04:48:12,2026-07-14 03:20:00,UTC+05:30,2026-07-14 00:21:00,2026-07-14 00:48:59,27,Walking,4.7,75.0,138,103,31,0,0,0,0,false
2026-07-13 04:48:12,2026-07-14 03:20:00,UTC+05:30,2026-07-13 23:47:00,2026-07-14 00:01:59,14,Walking,4.0,22.0,118,94,7,0,0,0,0,false
2026-07-12 05:30:38,2026-07-13 04:48:12,UTC+05:30,2026-07-13 01:39:00,2026-07-13 02:03:59,24,Walking,4.0,35.0,114,92,1,0,0,0,0,false
2026-07-12 05:30:38,2026-07-13 04:48:12,UTC+05:30,2026-07-13 00:27:00,2026-07-13 00:41:59,14,Walking,4.4,44.0,127,105,44,0,0,0,0,false
2026-07-12 05:30:38,2026-07-13 04:48:12,UTC+05:30,2026-07-12 23:48:00,2026-07-12 23:59:59,11,Walking,4.3,29.0,127,103,28,0,0,0,0,false
2026-07-12 05:30:38,2026-07-13 04:48:12,UTC+05:30,2026-07-12 18:23:00,2026-07-12 18:36:59,13,Walking,4.2,26.0,122,97,12,0,0,0,0,false
2026-07-12 05:30:38,2026-07-13 04:48:12,UTC+05:30,2026-07-12 17:36:00,2026-07-12 17:48:59,12,Weightlifting,4.2,26.0,146,98,11,0,0,0,0,false
2026-07-12 05:30:38,2026-07-13 04:48:12,UTC+05:30,2026-07-12 15:30:00,2026-07-12 16:12:59,42,Weightlifting,9.8,102.0,140,101,28,0,0,0,0,false
2026-07-12 05:30:38,2026-07-13 04:48:12,UTC+05:30,2026-07-12 13:25:00,2026-07-12 13:57:49,32,Walking,4.4,60.0,127,97,10,0,0,0,0,false
2026-07-11 08:17:11,2026-07-12 05:30:38,UTC+05:30,2026-07-12 01:07:00,2026-07-12 01:22:59,15,Walking,4.0,23.0,120,95,3,0,0,0,0,false
2026-07-11 08:17:11,2026-07-12 05:30:38,UTC+05:30,2026-07-12 00:30:00,2026-07-12 00:52:59,22,Walking,4.1,34.0,140,95,6,0,0,0,0,false
2026-07-11 08:17:11,2026-07-12 05:30:38,UTC+05:30,2026-07-11 21:38:00,2026-07-11 22:12:59,34,Weightlifting,8.7,89.0,139,101,29,0,0,0,0,false
2026-07-11 08:17:11,2026-07-12 05:30:38,UTC+05:30,2026-07-11 21:08:00,2026-07-11 21:22:59,14,Weightlifting,4.7,56.0,144,109,53,2,0,0,0,false
2026-07-11 08:17:11,2026-07-12 05:30:38,UTC+05:30,2026-07-11 15:31:00,2026-07-11 15:49:59,18,Walking,4.3,41.0,132,98,22,0,0,0,0,false
2026-07-11 08:17:11,2026-07-12 05:30:38,UTC+05:30,2026-07-11 14:02:00,2026-07-11 15:17:59,75,Walking,7.1,286.0,147,107,45,6,0,0,0,false
2026-07-10 04:05:30,2026-07-11 08:17:11,UTC+05:30,2026-07-11 01:30:00,2026-07-11 01:55:59,25,Walking,4.6,70.0,139,102,35,0,0,0,0,false
2026-07-10 04:05:30,2026-07-11 08:17:11,UTC+05:30,2026-07-10 23:47:00,2026-07-11 00:00:59,13,Walking,4.1,26.0,119,98,9,0,0,0,0,false
2026-07-10 04:05:30,2026-07-11 08:17:11,UTC+05:30,2026-07-10 21:26:52,2026-07-10 22:17:43,50,Weightlifting,12.8,331.0,181,122,62,12,6,4,0,false
2026-07-10 04:05:30,2026-07-11 08:17:11,UTC+05:30,2026-07-10 19:57:00,2026-07-10 20:30:59,33,Walking,5.4,129.0,141,109,59,1,0,0,0,false
2026-07-09 06:37:19,2026-07-10 04:05:30,UTC+05:30,2026-07-09 13:27:00,2026-07-09 13:32:44,5,Walking,4.1,17.0,124,105,43,0,0,0,0,false
2026-07-08 03:36:10,2026-07-09 06:37:19,UTC+05:30,2026-07-09 00:48:00,2026-07-09 01:04:59,16,Walking,4.8,67.0,151,106,26,13,1,0,0,false
2026-07-08 03:36:10,2026-07-09 06:37:19,UTC+05:30,2026-07-08 20:45:01,2026-07-08 21:57:03,72,Weightlifting,13.3,373.0,170,115,54,10,5,1,0,false
2026-07-06 06:38:00,2026-07-07 08:29:48,UTC+05:30,2026-07-06 23:46:00,2026-07-06 23:59:59,13,Walking,4.2,27.0,124,99,15,0,0,0,0,false
2026-07-06 06:38:00,2026-07-07 08:29:48,UTC+05:30,2026-07-06 21:53:00,2026-07-06 22:04:59,11,Weightlifting,4.5,46.0,143,110,42,6,0,0,0,false
2026-07-06 06:38:00,2026-07-07 08:29:48,UTC+05:30,2026-07-06 20:13:00,2026-07-06 20:39:59,26,Walking,4.4,51.0,128,99,12,0,0,0,0,false
2026-07-05 06:00:43,2026-07-06 06:38:00,UTC+05:30,2026-07-05 13:42:00,2026-07-05 14:33:59,51,Walking,5.1,111.0,128,101,15,0,0,0,0,false
2026-07-04 06:02:40,2026-07-05 06:00:43,UTC+05:30,2026-07-04 23:07:00,2026-07-04 23:40:15,33,Walking,4.5,66.0,133,98,17,0,0,0,0,false
2026-07-04 06:02:40,2026-07-05 06:00:43,UTC+05:30,2026-07-04 21:01:00,2026-07-04 21:38:59,37,Weightlifting,9.5,125.0,135,107,48,0,0,0,0,false
2026-07-04 06:02:40,2026-07-05 06:00:43,UTC+05:30,2026-07-04 12:45:00,2026-07-04 13:00:09,15,Walking,4.3,34.0,127,99,23,0,0,0,0,false
2026-07-04 06:02:40,2026-07-05 06:00:43,UTC+05:30,2026-07-04 11:46:00,2026-07-04 11:59:59,13,Walking,4.2,31.0,125,100,23,0,0,0,0,false
2026-07-03 05:31:24,2026-07-04 06:02:40,UTC+05:30,2026-07-03 21:18:00,2026-07-03 21:56:59,38,Weightlifting,10.6,222.0,158,119,80,9,1,0,0,false
2026-07-02 06:08:46,2026-07-03 05:31:24,UTC+05:30,2026-07-02 21:19:00,2026-07-03 00:32:08,193,Weightlifting,11.6,320.0,139,86,9,0,0,0,0,false
2026-07-01 05:24:36,2026-07-02 06:08:46,UTC+05:30,2026-07-01 22:37:00,2026-07-01 22:56:59,19,Walking,4.3,34.0,118,99,6,0,0,0,0,false
2026-07-01 05:24:36,2026-07-02 06:08:46,UTC+05:30,2026-07-01 19:41:00,2026-07-01 20:24:59,43,Weightlifting,10.7,185.0,144,112,65,1,0,0,0,false
2026-06-30 02:41:10,2026-07-01 05:24:36,UTC+05:30,2026-07-01 01:13:00,2026-07-01 01:24:59,11,Walking,4.3,35.0,132,106,39,0,0,0,0,false
2026-06-30 02:41:10,2026-07-01 05:24:36,UTC+05:30,2026-06-30 21:41:00,2026-06-30 22:07:59,26,Weightlifting,7.2,69.0,143,100,31,0,0,0,0,false
2026-06-30 02:41:10,2026-07-01 05:24:36,UTC+05:30,2026-06-30 21:09:00,2026-06-30 21:21:59,12,Weightlifting,4.7,57.0,145,113,63,5,0,0,0,false
2026-06-28 05:28:00,2026-06-29 03:12:18,UTC+05:30,2026-06-28 20:24:00,2026-06-28 20:47:59,23,Walking,4.7,67.0,137,106,36,0,0,0,0,false
2026-06-28 05:28:00,2026-06-29 03:12:18,UTC+05:30,2026-06-28 17:51:00,2026-06-28 18:20:59,29,Weightlifting,7.9,85.0,146,102,31,4,0,0,0,false
2026-06-28 05:28:00,2026-06-29 03:12:18,UTC+05:30,2026-06-28 12:39:00,2026-06-28 13:23:59,44,Walking,4.3,69.0,121,96,4,0,0,0,0,false
2026-06-27 04:44:01,2026-06-28 05:28:00,UTC+05:30,2026-06-27 23:44:00,2026-06-27 23:58:44,14,Walking,4.4,42.0,130,105,42,0,0,0,0,false
2026-06-27 04:44:01,2026-06-28 05:28:00,UTC+05:30,2026-06-27 23:10:00,2026-06-27 23:23:49,13,Walking,4.5,48.0,139,108,59,0,0,0,0,false
2026-06-27 04:44:01,2026-06-28 05:28:00,UTC+05:30,2026-06-27 22:36:00,2026-06-27 22:57:59,21,Walking,4.3,43.0,125,98,17,0,0,0,0,false
2026-06-27 04:44:01,2026-06-28 05:28:00,UTC+05:30,2026-06-27 20:50:00,2026-06-27 22:10:36,80,Weightlifting,12.5,288.0,153,107,44,2,0,0,0,false
2026-06-27 04:44:01,2026-06-28 05:28:00,UTC+05:30,2026-06-27 17:44:00,2026-06-27 17:55:59,11,Walking,5.0,73.0,150,121,63,16,0,0,0,false
2026-06-27 04:44:01,2026-06-28 05:28:00,UTC+05:30,2026-06-27 12:32:00,2026-06-27 12:46:30,14,Walking,4.2,28.0,131,100,18,0,0,0,0,false
2026-06-26 05:22:04,2026-06-27 04:44:01,UTC+05:30,2026-06-27 01:15:00,2026-06-27 01:39:59,24,Walking,4.0,34.0,112,96,0,0,0,0,0,false
2026-06-26 05:22:04,2026-06-27 04:44:01,UTC+05:30,2026-06-27 00:25:00,2026-06-27 00:50:59,25,Walking,4.2,40.0,121,95,6,0,0,0,0,false
2026-06-26 05:22:04,2026-06-27 04:44:01,UTC+05:30,2026-06-26 20:16:00,2026-06-26 20:30:59,14,Walking,4.1,22.0,117,97,4,0,0,0,0,false
2026-06-26 05:22:04,2026-06-27 04:44:01,UTC+05:30,2026-06-26 11:20:00,2026-06-26 11:35:59,15,Walking,4.8,70.0,143,113,62,4,0,0,0,false
2026-06-25 05:26:18,2026-06-26 05:22:04,UTC+05:30,2026-06-25 23:23:00,2026-06-25 23:59:59,36,Walking,4.1,54.0,123,92,5,0,0,0,0,false
2026-06-25 05:26:18,2026-06-26 05:22:04,UTC+05:30,2026-06-25 19:30:00,2026-06-25 20:08:39,38,Activity,4.1,57.0,123,90,5,0,0,0,0,false
2026-06-24 00:10:00,2026-06-25 05:26:18,UTC+05:30,2026-06-24 21:06:00,2026-06-24 22:00:59,54,Weightlifting,12.0,229.0,160,111,52,4,0,0,0,false
2026-06-24 00:10:00,2026-06-25 05:26:18,UTC+05:30,2026-06-24 20:14:00,2026-06-24 20:25:59,11,Walking,4.2,27.0,122,102,13,0,0,0,0,false
2026-06-24 00:10:00,2026-06-25 05:26:18,UTC+05:30,2026-06-24 09:44:00,2026-06-24 09:57:59,13,Walking,4.0,21.0,119,92,1,0,0,0,0,false
2026-06-23 04:12:40,2026-06-24 00:10:00,UTC+05:30,2026-06-23 17:15:00,2026-06-23 18:15:00,60,Walking,0.0,77.0,111,75,0,0,0,0,0,false
2026-06-22 03:38:39,2026-06-23 04:12:40,UTC+05:30,2026-06-22 23:00:00,2026-06-22 23:13:59,13,Walking,4.3,39.0,133,103,33,0,0,0,0,false
2026-06-22 03:38:39,2026-06-23 04:12:40,UTC+05:30,2026-06-22 21:24:03,2026-06-22 22:16:24,52,Weightlifting,11.7,212.0,154,110,51,3,0,0,0,false
2026-06-21 01:00:00,2026-06-22 03:38:39,UTC+05:30,2026-06-21 13:41:12,2026-06-21 16:27:09,165,Weightlifting,12.4,363.0,144,97,17,0,0,0,0,false
2026-06-21 01:00:00,2026-06-22 03:38:39,UTC+05:30,2026-06-21 09:48:00,2026-06-21 11:17:59,89,Walking,6.5,247.0,157,102,29,1,0,0,0,false
2026-06-20 02:42:11,2026-06-21 01:00:00,UTC+05:30,2026-06-20 20:59:26,2026-06-20 21:49:43,50,Weightlifting,10.8,135.0,145,102,27,1,0,0,0,false
2026-06-20 02:42:11,2026-06-21 01:00:00,UTC+05:30,2026-06-20 19:20:00,2026-06-20 19:34:59,14,Walking,4.1,25.0,115,98,1,0,0,0,0,false
2026-06-20 02:42:11,2026-06-21 01:00:00,UTC+05:30,2026-06-20 18:46:00,2026-06-20 19:03:59,17,Walking,4.1,28.0,120,95,1,0,0,0,0,false
2026-06-19 02:26:48,2026-06-20 02:42:11,UTC+05:30,2026-06-20 00:13:00,2026-06-20 00:32:59,19,Walking,0.1,26.0,114,92,0,0,0,0,0,false
2026-06-19 02:26:48,2026-06-20 02:42:11,UTC+05:30,2026-06-19 23:38:00,2026-06-20 00:11:44,33,Walking,4.2,48.0,114,95,0,0,0,0,0,false
2026-06-19 02:26:48,2026-06-20 02:42:11,UTC+05:30,2026-06-19 21:21:50,2026-06-19 21:57:32,35,Weightlifting,9.1,116.0,148,106,36,2,0,0,0,false
2026-06-19 02:26:48,2026-06-20 02:42:11,UTC+05:30,2026-06-19 15:05:00,2026-06-19 16:19:54,74,Weightlifting,14.2,272.0,153,102,34,5,0,0,0,false
2026-06-19 02:26:48,2026-06-20 02:42:11,UTC+05:30,2026-06-19 14:05:00,2026-06-19 14:16:59,11,Weightlifting,4.0,17.0,120,91,2,0,0,0,0,false
2026-06-19 02:26:48,2026-06-20 02:42:11,UTC+05:30,2026-06-19 10:04:00,2026-06-19 10:44:59,40,Walking,4.5,76.0,126,97,10,0,0,0,0,false
2026-06-18 04:06:17,2026-06-19 02:26:48,UTC+05:30,2026-06-19 00:19:00,2026-06-19 00:33:59,14,Walking,4.2,27.0,122,99,9,0,0,0,0,false
2026-06-18 04:06:17,2026-06-19 02:26:48,UTC+05:30,2026-06-18 23:39:00,2026-06-19 00:03:59,24,Walking,4.2,43.0,130,96,12,0,0,0,0,false
2026-06-18 04:06:17,2026-06-19 02:26:48,UTC+05:30,2026-06-18 22:24:00,2026-06-18 22:38:59,14,Walking,4.1,24.0,120,96,7,0,0,0,0,false
2026-06-18 04:06:17,2026-06-19 02:26:48,UTC+05:30,2026-06-18 11:08:00,2026-06-18 11:23:59,15,Walking,4.1,26.0,121,95,4,0,0,0,0,false
2026-06-14 01:38:32,2026-06-15 03:40:45,UTC+05:30,2026-06-14 03:56:00,2026-06-14 07:40:00,224,Driving,4.3,306.0,130,80,2,0,0,0,0,false
2026-06-13 01:38:32,2026-06-14 01:38:32,UTC+05:30,2026-06-13 20:54:00,2026-06-13 22:16:59,82,Weightlifting,13.1,412.0,149,116,70,5,0,0,0,false
2026-06-12 03:34:20,2026-06-13 01:38:32,UTC+05:30,2026-06-13 00:02:00,2026-06-13 00:15:59,13,Walking,4.2,27.0,127,99,16,0,0,0,0,false
2026-06-11 02:25:00,2026-06-12 03:34:20,UTC+05:30,2026-06-11 23:34:00,2026-06-12 00:06:02,32,Walking,4.0,46.0,140,91,3,0,0,0,0,false
2026-06-10 06:48:46,2026-06-11 02:25:00,UTC+05:30,2026-06-10 23:40:00,2026-06-10 23:53:59,13,Walking,4.0,23.0,132,95,13,0,0,0,0,false
2026-06-10 06:48:46,2026-06-11 02:25:00,UTC+05:30,2026-06-10 22:43:00,2026-06-10 22:54:59,11,Walking,4.4,39.0,134,109,51,0,0,0,0,false
2026-06-09 06:30:00,2026-06-10 06:48:46,UTC+05:30,2026-06-09 21:27:00,2026-06-09 21:59:59,32,Weightlifting,8.4,89.0,141,104,38,0,0,0,0,false
2026-06-09 06:30:00,2026-06-10 06:48:46,UTC+05:30,2026-06-09 20:40:00,2026-06-09 21:12:59,32,Weightlifting,8.7,109.0,145,107,46,1,0,0,0,false
2026-06-09 06:30:00,2026-06-10 06:48:46,UTC+05:30,2026-06-09 15:45:00,2026-06-09 16:10:59,25,Walking,5.0,97.0,147,109,45,3,0,0,0,false
2026-06-09 06:30:00,2026-06-10 06:48:46,UTC+05:30,2026-06-09 11:18:00,2026-06-09 11:31:59,13,Walking,4.1,24.0,130,100,14,0,0,0,0,false
2026-06-08 02:18:32,2026-06-09 06:30:00,UTC+05:30,2026-06-08 11:34:03,2026-06-08 14:02:30,148,Weightlifting,13.0,448.0,149,106,40,1,0,0,0,false
2026-06-08 02:18:32,2026-06-09 06:30:00,UTC+05:30,2026-06-08 09:13:00,2026-06-08 09:36:59,23,Walking,4.4,52.0,132,101,24,0,0,0,0,false
2026-06-07 03:34:24,2026-06-08 02:18:32,UTC+05:30,2026-06-07 19:59:00,2026-06-07 20:16:16,17,Walking,1.0,22.0,124,90,1,0,0,0,0,false
2026-06-06 03:03:40,2026-06-07 03:34:24,UTC+05:30,2026-06-06 21:28:47,2026-06-06 22:09:48,41,Weightlifting,10.8,207.0,163,118,54,15,3,0,0,false
2026-06-06 03:03:40,2026-06-07 03:34:24,UTC+05:30,2026-06-06 08:04:00,2026-06-06 08:19:59,15,Walking,5.0,86.0,148,119,79,4,0,0,0,false
2026-06-05 01:20:43,2026-06-06 03:03:40,UTC+05:30,2026-06-05 23:50:00,2026-06-06 00:06:59,16,Walking,4.1,31.0,132,97,13,0,0,0,0,false
2026-06-05 01:20:43,2026-06-06 03:03:40,UTC+05:30,2026-06-05 21:05:47,2026-06-05 22:05:17,59,Weightlifting,11.8,170.0,145,107,45,0,0,0,0,false
2026-06-05 01:20:43,2026-06-06 03:03:40,UTC+05:30,2026-06-05 19:36:00,2026-06-05 19:53:59,17,Running,4.2,34.0,128,101,25,0,0,0,0,false
2026-06-05 01:20:43,2026-06-06 03:03:40,UTC+05:30,2026-06-05 17:08:00,2026-06-05 17:29:05,21,Running,4.4,52.0,145,105,39,0,0,0,0,false
2026-06-05 01:20:43,2026-06-06 03:03:40,UTC+05:30,2026-06-05 13:11:26,2026-06-05 14:24:09,72,Weightlifting,9.9,203.0,147,105,42,1,0,0,0,false
2026-06-04 01:52:05,2026-06-05 01:20:43,UTC+05:30,2026-06-04 17:40:00,2026-06-04 17:59:59,19,Walking,4.2,38.0,139,96,19,0,0,0,0,false
2026-06-04 01:52:05,2026-06-05 01:20:43,UTC+05:30,2026-06-04 16:25:00,2026-06-04 17:05:00,40,Walking,4.2,63.0,132,93,8,0,0,0,0,false
2026-06-04 01:52:05,2026-06-05 01:20:43,UTC+05:30,2026-06-04 11:17:34,2026-06-04 12:22:50,65,Weightlifting,11.9,107.0,137,99,15,0,0,0,0,false
2026-06-03 02:27:57,2026-06-04 01:52:05,UTC+05:30,2026-06-03 12:10:00,2026-06-03 12:23:59,13,Walking,4.2,30.0,151,102,24,1,0,0,0,false
2026-06-03 02:27:57,2026-06-04 01:52:05,UTC+05:30,2026-06-03 09:50:00,2026-06-03 10:25:59,35,Walking,4.9,96.0,148,107,45,0,0,0,0,false
2026-01-05 05:35:09,2026-01-06 05:35:09,UTC+05:30,2026-01-05 21:37:42,2026-01-05 22:28:46,51,Weightlifting,5.7,168.0,155,106,30,6,0,0,0,false
2026-01-04 06:37:12,2026-01-05 05:35:09,UTC+05:30,2026-01-04 14:18:34,2026-01-04 15:18:19,59,Weightlifting,4.2,86.0,128,92,5,0,0,0,0,false
2026-01-03 02:08:14,2026-01-04 06:37:12,UTC+05:30,2026-01-03 21:18:00,2026-01-03 21:35:59,17,Weightlifting,4.5,49.0,138,107,42,0,0,0,0,false
2025-12-29 06:36:51,2025-12-30 02:35:46,UTC+05:30,2025-12-29 21:18:00,2025-12-29 22:04:29,46,Weightlifting,5.6,149.0,139,108,52,0,0,0,0,false
2025-12-27 01:54:31,2025-12-28 03:33:45,UTC+05:30,2025-12-27 15:30:00,2025-12-27 15:49:29,19,Activity,4.8,76.0,148,106,52,6,0,0,0,false
2025-12-26 05:40:31,2025-12-27 01:54:31,UTC+05:30,2025-12-27 01:06:00,2025-12-27 01:34:29,28,Walking,5.1,103.0,150,108,49,4,0,0,0,false
2025-12-26 05:40:31,2025-12-27 01:54:31,UTC+05:30,2025-12-26 21:27:38,2025-12-26 22:01:27,33,Weightlifting,4.6,75.0,141,101,26,0,0,0,0,false
2025-12-25 01:54:31,2025-12-26 05:40:31,UTC+05:30,2025-12-26 02:19:30,2025-12-26 02:59:21,39,Walking,4.9,100.0,136,103,36,0,0,0,0,false
2025-12-25 01:54:31,2025-12-26 05:40:31,UTC+05:30,2025-12-26 01:39:00,2025-12-26 01:58:29,19,Walking,4.7,67.0,135,110,57,0,0,0,0,false
2025-12-25 01:54:31,2025-12-26 05:40:31,UTC+05:30,2025-12-25 21:06:20,2025-12-25 22:02:02,55,Weightlifting,5.2,140.0,143,104,34,0,0,0,0,false
2025-12-24 03:50:56,2025-12-25 01:54:31,UTC+05:30,2025-12-24 21:52:06,2025-12-24 22:30:20,38,Weightlifting,5.4,128.0,160,108,36,5,0,0,0,false
2025-12-23 03:44:10,2025-12-24 03:50:56,UTC+05:30,2025-12-23 21:16:55,2025-12-23 21:59:05,42,Weightlifting,8.5,301.0,168,126,46,26,11,1,0,false
2025-12-22 03:02:28,2025-12-23 03:44:10,UTC+05:30,2025-12-22 21:10:30,2025-12-22 22:11:36,61,Weightlifting,5.8,180.0,143,105,39,1,0,0,0,false
2025-12-21 05:00:16,2025-12-22 03:02:28,UTC+05:30,2025-12-21 14:05:45,2025-12-21 14:46:07,40,Weightlifting,4.5,79.0,144,99,16,1,0,0,0,false
2025-12-20 03:02:28,2025-12-21 05:00:16,UTC+05:30,2025-12-21 00:13:30,2025-12-21 00:29:59,16,Walking,5.5,111.0,147,124,71,22,0,0,0,false
2025-12-20 03:02:28,2025-12-21 05:00:16,UTC+05:30,2025-12-20 23:24:15,2025-12-20 23:53:40,29,Walking,4.1,43.0,121,94,3,0,0,0,0,false
2025-12-20 03:02:28,2025-12-21 05:00:16,UTC+05:30,2025-12-20 21:10:35,2025-12-20 22:08:37,58,Weightlifting,8.2,341.0,161,120,71,15,2,0,0,false
2025-12-19 04:02:43,2025-12-20 03:02:28,UTC+05:30,2025-12-19 21:48:45,2025-12-19 22:38:53,50,Weightlifting,5.3,141.0,151,102,21,4,0,0,0,false
2025-12-18 04:38:56,2025-12-19 04:02:43,UTC+05:30,2025-12-19 02:04:42,2025-12-19 02:28:51,24,Walking,0.7,32.0,109,86,0,0,0,0,0,false
2025-12-18 04:38:56,2025-12-19 04:02:43,UTC+05:30,2025-12-18 21:24:48,2025-12-18 22:10:45,45,Weightlifting,9.4,363.0,164,130,48,35,10,0,0,false
2025-12-16 03:04:45,2025-12-17 01:22:31,UTC+05:30,2025-12-16 21:48:59,2025-12-16 22:34:50,45,Weightlifting,4.2,68.0,129,94,7,0,0,0,0,false
2025-12-15 03:12:53,2025-12-16 03:04:45,UTC+05:30,2025-12-15 22:08:10,2025-12-15 22:35:41,27,Weightlifting,4.3,45.0,112,100,0,0,0,0,0,false
2025-12-15 03:12:53,2025-12-16 03:04:45,UTC+05:30,2025-12-15 21:37:30,2025-12-15 22:07:29,29,Weightlifting,7.8,247.0,164,131,56,28,15,0,0,false
2025-12-14 01:55:56,2025-12-15 03:12:53,UTC+05:30,2025-12-14 21:17:04,2025-12-14 21:56:11,39,Walking,7.5,238.0,163,121,40,26,5,0,0,false
2025-12-14 01:55:56,2025-12-15 03:12:53,UTC+05:30,2025-12-14 20:53:05,2025-12-14 21:16:29,23,Weightlifting,4.9,84.0,138,110,60,0,0,0,0,false
2025-12-13 02:08:02,2025-12-14 01:55:56,UTC+05:30,2025-12-13 23:06:47,2025-12-13 23:32:54,26,Other,0.0,35.0,111,77,0,0,0,0,0,false
2025-12-13 02:08:02,2025-12-14 01:55:56,UTC+05:30,2025-12-13 21:27:58,2025-12-13 21:37:16,9,Weightlifting,5.0,71.0,157,128,71,26,3,0,0,false
2025-12-13 02:08:02,2025-12-14 01:55:56,UTC+05:30,2025-12-13 19:48:00,2025-12-13 20:16:29,28,Walking,5.4,120.0,148,112,64,1,0,0,0,false
2025-12-12 03:30:15,2025-12-13 02:08:02,UTC+05:30,2025-12-12 21:37:30,2025-12-12 22:14:40,37,Weightlifting,4.8,89.0,137,101,32,0,0,0,0,false
2025-12-11 03:27:01,2025-12-12 03:30:15,UTC+05:30,2025-12-11 21:10:08,2025-12-11 22:04:11,54,Weightlifting,6.0,185.0,154,109,51,2,0,0,0,false
2025-12-11 03:27:01,2025-12-12 03:30:15,UTC+05:30,2025-12-11 15:25:30,2025-12-11 15:55:29,29,Walking,4.6,69.0,139,102,31,0,0,0,0,false
2025-12-10 02:34:48,2025-12-11 03:27:01,UTC+05:30,2025-12-11 01:24:00,2025-12-11 01:40:29,16,Walking,4.5,53.0,138,106,48,0,0,0,0,false
2025-12-10 02:34:48,2025-12-11 03:27:01,UTC+05:30,2025-12-10 21:18:56,2025-12-10 22:06:25,47,Weightlifting,6.4,210.0,148,114,72,3,0,0,0,false
2025-12-09 05:36:58,2025-12-10 02:34:48,UTC+05:30,2025-12-09 22:24:24,2025-12-09 23:27:35,63,Weightlifting,4.0,85.0,119,84,0,0,0,0,0,false
2025-12-09 05:36:58,2025-12-10 02:34:48,UTC+05:30,2025-12-09 21:12:00,2025-12-09 21:26:59,14,Weightlifting,4.7,65.0,149,113,63,6,0,0,0,false
2025-12-09 05:36:58,2025-12-10 02:34:48,UTC+05:30,2025-12-09 11:43:30,2025-12-09 11:59:59,16,Spin,6.4,142.0,163,133,57,26,17,0,0,false
2025-12-08 02:20:07,2025-12-09 05:36:58,UTC+05:30,2025-12-08 22:36:24,2025-12-08 22:58:23,21,Spin,4.0,32.0,138,92,7,0,0,0,0,false
2025-12-08 02:20:07,2025-12-09 05:36:58,UTC+05:30,2025-12-08 21:42:19,2025-12-08 22:27:46,45,Weightlifting,4.3,81.0,134,95,19,0,0,0,0,false
2025-12-08 02:20:07,2025-12-09 05:36:58,UTC+05:30,2025-12-08 12:56:46,2025-12-08 13:26:56,30,Spin,4.7,73.0,173,102,24,2,1,1,0,false
2025-12-07 04:09:19,2025-12-08 02:20:07,UTC+05:30,2025-12-07 20:20:14,2025-12-07 21:00:26,40,Weightlifting,3.1,54.0,132,83,4,0,0,0,0,false
2025-12-06 03:42:38,2025-12-07 04:09:19,UTC+05:30,2025-12-06 21:07:19,2025-12-06 22:05:39,58,Weightlifting,6.2,210.0,145,111,66,2,0,0,0,false
2025-12-05 02:43:02,2025-12-06 03:42:38,UTC+05:30,2025-12-05 22:09:13,2025-12-05 23:21:52,72,Weightlifting,0.0,96.0,105,78,0,0,0,0,0,false
2025-12-05 02:43:02,2025-12-06 03:42:38,UTC+05:30,2025-12-05 21:43:30,2025-12-05 22:07:29,23,Weightlifting,5.1,97.0,144,113,71,5,0,0,0,false
2025-12-04 03:17:35,2025-12-05 02:43:02,UTC+05:30,2025-12-04 20:57:06,2025-12-04 21:59:01,61,Weightlifting,5.3,157.0,150,100,30,2,0,0,0,false
2025-12-04 03:17:35,2025-12-05 02:43:02,UTC+05:30,2025-12-04 12:57:15,2025-12-04 13:17:44,20,Spin,4.5,57.0,154,103,35,4,0,0,0,false
2025-12-03 02:43:02,2025-12-04 03:17:35,UTC+05:30,2025-12-03 20:59:57,2025-12-03 22:07:17,67,Weightlifting,7.4,295.0,158,114,58,11,1,0,0,false
2025-12-03 02:43:02,2025-12-04 03:17:35,UTC+05:30,2025-12-03 13:28:05,2025-12-03 13:53:31,25,Spin,4.5,63.0,153,96,16,7,1,0,0,false
2025-12-02 03:24:14,2025-12-03 02:43:02,UTC+05:30,2025-12-02 22:07:05,2025-12-02 22:54:23,47,Weightlifting,4.2,78.0,141,91,12,0,0,0,0,false
2025-12-02 03:24:14,2025-12-03 02:43:02,UTC+05:30,2025-12-02 21:42:00,2025-12-02 22:01:29,19,Weightlifting,5.3,107.0,153,120,77,12,0,0,0,false
2025-12-02 03:24:14,2025-12-03 02:43:02,UTC+05:30,2025-12-02 20:55:30,2025-12-02 21:10:29,14,Weightlifting,4.3,35.0,135,105,37,0,0,0,0,false
2025-12-02 03:24:14,2025-12-03 02:43:02,UTC+05:30,2025-12-02 18:10:55,2025-12-02 18:31:48,20,Walking,3.7,29.0,145,91,5,0,0,0,0,false
2025-11-25 02:23:03,2025-11-26 02:23:03,UTC+05:30,2025-11-25 23:34:30,2025-11-25 23:58:29,23,Walking,5.2,99.0,149,113,63,8,0,0,0,false
2025-11-22 05:03:18,2025-11-24 06:19:20,UTC+05:30,2025-11-22 18:46:30,2025-11-22 19:47:59,61,Walking,5.5,162.0,143,103,45,0,0,0,0,false
2025-11-21 05:03:18,2025-11-22 05:03:18,UTC+05:30,2025-11-21 21:09:00,2025-11-21 21:43:29,34,Weightlifting,5.4,130.0,155,111,69,0,0,0,0,false
2025-11-20 05:03:18,2025-11-21 05:03:18,UTC+05:30,2025-11-20 20:27:00,2025-11-20 21:23:59,56,Weightlifting,6.7,233.0,155,111,59,5,1,0,0,false
2025-11-19 05:41:33,2025-11-20 05:03:18,UTC+05:30,2025-11-19 21:16:30,2025-11-19 21:55:29,38,Weightlifting,5.5,139.0,146,108,54,2,0,0,0,false
2025-11-18 02:19:49,2025-11-19 05:41:33,UTC+05:30,2025-11-18 21:15:00,2025-11-18 22:04:29,49,Weightlifting,6.1,187.0,143,110,64,1,0,0,0,false
2025-11-17 04:23:36,2025-11-18 02:19:49,UTC+05:30,2025-11-17 23:34:30,2025-11-17 23:52:29,17,Walking,4.3,39.0,128,101,26,0,0,0,0,false
2025-11-16 06:45:55,2025-11-17 04:23:36,UTC+05:30,2025-11-16 13:52:30,2025-11-16 15:31:29,98,Weightlifting,8.2,373.0,166,109,50,5,1,0,0,false
2025-11-15 02:36:55,2025-11-16 06:45:55,UTC+05:30,2025-11-16 02:25:30,2025-11-16 02:44:00,18,Walking,4.2,38.0,130,97,23,0,0,0,0,false
2025-11-14 06:28:24,2025-11-15 02:36:55,UTC+05:30,2025-11-15 00:33:00,2025-11-15 00:50:59,17,Walking,4.2,33.0,122,98,13,0,0,0,0,false
2025-11-13 04:36:07,2025-11-14 06:28:24,UTC+05:30,2025-11-13 21:21:00,2025-11-13 22:07:40,46,Weightlifting,6.4,210.0,147,112,68,3,0,0,0,false
2025-11-12 04:33:35,2025-11-13 04:36:07,UTC+05:30,2025-11-12 21:17:22,2025-11-12 22:09:28,52,Weightlifting,5.1,117.0,135,101,24,0,0,0,0,false
2025-11-08 03:11:50,2025-11-09 05:05:46,UTC+05:30,2025-11-08 20:58:30,2025-11-08 22:07:29,68,Weightlifting,7.2,284.0,176,110,57,3,1,0,0,false
2025-11-07 03:25:36,2025-11-08 03:11:50,UTC+05:30,2025-11-08 00:21:00,2025-11-08 00:59:59,38,Walking,5.5,135.0,143,107,47,2,0,0,0,false
2025-11-06 03:11:50,2025-11-07 03:25:36,UTC+05:30,2025-11-06 20:54:21,2025-11-06 22:14:51,80,Weightlifting,11.3,571.0,172,125,60,23,7,0,0,false
2025-11-05 00:34:17,2025-11-06 03:11:50,UTC+05:30,2025-11-05 19:35:01,2025-11-05 20:16:37,41,Walking,4.2,65.0,126,92,5,0,0,0,0,false
2025-11-03 04:11:09,2025-11-04 03:55:56,UTC+05:30,2025-11-03 20:26:32,2025-11-03 21:47:18,80,Weightlifting,6.9,281.0,148,105,50,1,0,0,0,false
2025-11-02 05:06:50,2025-11-03 04:11:09,UTC+05:30,2025-11-03 01:31:24,2025-11-03 01:46:32,15,Running,6.1,123.0,170,130,35,42,12,3,0,false
2025-11-02 05:06:50,2025-11-03 04:11:09,UTC+05:30,2025-11-02 14:44:07,2025-11-02 15:03:18,19,Weightlifting,4.2,39.0,155,96,16,1,0,0,0,false
2025-11-01 05:55:03,2025-11-02 05:06:50,UTC+05:30,2025-11-02 00:03:00,2025-11-02 00:38:59,35,Walking,8.0,233.0,182,121,33,21,15,0,2,false
2025-11-01 05:55:03,2025-11-02 05:06:50,UTC+05:30,2025-11-01 20:57:36,2025-11-01 22:05:15,67,Weightlifting,7.6,312.0,148,113,67,4,0,0,0,false
2025-10-31 05:19:14,2025-11-01 05:55:03,UTC+05:30,2025-10-31 21:28:30,2025-10-31 22:10:29,41,Weightlifting,7.8,288.0,158,124,70,22,3,0,0,false
2025-10-31 05:19:14,2025-11-01 05:55:03,UTC+05:30,2025-10-31 14:40:19,2025-10-31 14:50:37,10,Running,6.9,105.0,185,137,8,13,21,31,5,false
2025-10-30 04:40:23,2025-10-31 05:19:14,UTC+05:30,2025-10-31 01:13:30,2025-10-31 01:38:10,24,Walking,6.8,184.0,157,127,59,27,6,0,0,false
2025-10-30 04:40:23,2025-10-31 05:19:14,UTC+05:30,2025-10-30 21:30:55,2025-10-30 22:21:49,50,Weightlifting,7.5,275.0,158,118,52,14,2,0,0,false
2025-10-30 04:40:23,2025-10-31 05:19:14,UTC+05:30,2025-10-30 19:28:30,2025-10-30 19:55:21,26,Walking,5.0,92.0,146,108,43,1,0,0,0,false
2025-10-29 05:07:04,2025-10-30 04:40:23,UTC+05:30,2025-10-30 00:42:00,2025-10-30 00:59:59,17,Walking,4.4,49.0,143,105,36,0,0,0,0,false
2025-10-29 05:07:04,2025-10-30 04:40:23,UTC+05:30,2025-10-29 21:22:30,2025-10-29 22:05:59,43,Weightlifting,6.9,236.0,151,118,67,12,0,0,0,false
2025-10-29 05:07:04,2025-10-30 04:40:23,UTC+05:30,2025-10-29 19:31:30,2025-10-29 19:49:29,17,Walking,4.7,69.0,153,110,53,3,1,0,0,false
2025-10-28 04:55:33,2025-10-29 05:07:04,UTC+05:30,2025-10-28 21:49:30,2025-10-28 22:11:59,22,Weightlifting,5.6,121.0,151,116,46,21,0,0,0,false
2025-10-28 04:55:33,2025-10-29 05:07:04,UTC+05:30,2025-10-28 21:10:30,2025-10-28 21:37:29,26,Weightlifting,4.9,90.0,149,106,44,2,0,0,0,false
2025-10-28 04:55:33,2025-10-29 05:07:04,UTC+05:30,2025-10-28 12:23:49,2025-10-28 12:36:15,12,Running,9.5,170.0,190,156,4,3,13,55,18,false
2025-10-27 04:55:33,2025-10-28 04:55:33,UTC+05:30,2025-10-27 23:52:30,2025-10-28 00:17:59,25,Walking,4.8,79.0,149,106,41,1,0,0,0,false
2025-10-27 04:55:33,2025-10-28 04:55:33,UTC+05:30,2025-10-27 21:20:44,2025-10-27 22:22:14,61,Weightlifting,5.6,178.0,146,103,35,1,0,0,0,false
2025-10-27 04:55:33,2025-10-28 04:55:33,UTC+05:30,2025-10-27 20:04:30,2025-10-27 20:19:29,14,Walking,4.5,49.0,143,108,46,1,0,0,0,false
2025-10-27 04:55:33,2025-10-28 04:55:33,UTC+05:30,2025-10-27 11:29:49,2025-10-27 11:41:09,11,Running,8.0,131.0,185,144,12,20,10,26,20,false
2025-10-25 05:42:13,2025-10-26 04:55:33,UTC+05:30,2025-10-25 21:18:00,2025-10-25 22:07:29,49,Weightlifting,8.6,358.0,156,126,72,23,2,0,0,false
2025-10-24 03:42:40,2025-10-25 05:42:13,UTC+05:30,2025-10-24 21:21:00,2025-10-24 22:10:29,49,Weightlifting,6.5,219.0,150,113,68,2,0,0,0,false
2025-10-23 02:48:13,2025-10-24 03:42:40,UTC+05:30,2025-10-23 23:36:00,2025-10-24 00:25:29,49,Walking,7.3,269.0,169,119,68,11,0,0,0,false
2025-10-23 02:48:13,2025-10-24 03:42:40,UTC+05:30,2025-10-23 21:24:00,2025-10-23 22:07:29,43,Weightlifting,7.1,241.0,160,119,67,11,2,0,0,false
2025-10-17 00:00:00,2025-10-19 03:33:45,UTC+05:30,2025-10-17 21:18:32,2025-10-17 22:14:25,55,Weightlifting,6.0,189.0,154,106,43,5,0,0,0,false
2025-10-12 00:56:07,2025-10-13 01:08:02,UTC+05:30,2025-10-12 13:28:30,2025-10-12 13:53:59,25,Weightlifting,4.3,47.0,130,100,20,0,0,0,0,false
2025-10-11 00:56:07,2025-10-12 00:56:07,UTC+05:30,2025-10-11 21:36:00,2025-10-11 22:10:29,34,Weightlifting,5.4,123.0,155,109,41,6,2,0,0,false
2025-10-11 00:56:07,2025-10-12 00:56:07,UTC+05:30,2025-10-11 20:57:00,2025-10-11 21:22:29,25,Weightlifting,4.8,75.0,134,107,49,0,0,0,0,false
2025-10-11 00:56:07,2025-10-12 00:56:07,UTC+05:30,2025-10-11 20:04:30,2025-10-11 20:43:29,38,Weightlifting,6.1,176.0,156,115,63,5,0,0,0,false
2025-10-09 04:37:33,2025-10-10 04:14:04,UTC+05:30,2025-10-09 21:24:00,2025-10-09 21:47:59,23,Weightlifting,4.5,63.0,141,104,39,0,0,0,0,false
2025-10-08 03:12:27,2025-10-09 04:37:33,UTC+05:30,2025-10-08 21:07:30,2025-10-08 21:59:59,52,Weightlifting,6.4,214.0,152,112,62,3,0,0,0,false
2025-10-08 03:12:27,2025-10-09 04:37:33,UTC+05:30,2025-10-08 17:54:00,2025-10-08 18:11:59,17,Running,8.3,178.0,175,139,25,5,39,21,0,false
2025-10-07 02:55:35,2025-10-08 03:12:27,UTC+05:30,2025-10-07 21:25:48,2025-10-07 22:09:02,43,Weightlifting,8.6,319.0,164,127,45,36,9,0,0,false
2025-10-06 03:12:40,2025-10-07 02:55:35,UTC+05:30,2025-10-06 21:38:20,2025-10-06 22:18:30,40,Weightlifting,4.6,86.0,135,98,28,0,0,0,0,false
2025-10-04 04:33:18,2025-10-06 03:12:40,UTC+05:30,2025-10-04 21:17:49,2025-10-04 22:01:15,43,Weightlifting,4.8,96.0,138,100,29,0,0,0,0,false
2025-10-01 02:22:26,2025-10-02 04:23:38,UTC+05:30,2025-10-01 21:13:30,2025-10-01 21:38:59,25,Weightlifting,4.7,71.0,139,103,35,1,0,0,0,false
2025-09-30 02:22:26,2025-10-01 02:22:26,UTC+05:30,2025-09-30 21:25:30,2025-09-30 21:52:29,26,Weightlifting,4.6,61.0,134,102,30,0,0,0,0,false
2025-09-28 02:59:38,2025-09-29 02:22:26,UTC+05:30,2025-09-28 14:04:30,2025-09-28 14:41:59,37,Weightlifting,4.9,96.0,147,102,35,1,0,0,0,false
2025-09-27 01:52:28,2025-09-28 02:59:38,UTC+05:30,2025-09-27 21:10:30,2025-09-27 21:28:29,17,Weightlifting,4.4,43.0,129,102,29,0,0,0,0,false
2025-09-25 03:00:43,2025-09-26 01:52:28,UTC+05:30,2025-09-25 21:39:00,2025-09-25 22:02:59,23,Weightlifting,5.0,83.0,149,108,50,7,0,0,0,false
2025-09-25 03:00:43,2025-09-26 01:52:28,UTC+05:30,2025-09-25 20:25:30,2025-09-25 21:22:29,56,Weightlifting,7.4,277.0,159,115,65,8,1,0,0,false
2025-09-24 02:34:10,2025-09-25 03:00:43,UTC+05:30,2025-09-24 17:34:00,2025-09-24 17:57:16,23,Walking,5.5,111.0,152,106,36,16,1,0,0,false
2025-09-24 02:34:10,2025-09-25 03:00:43,UTC+05:30,2025-09-24 17:06:00,2025-09-24 17:29:59,23,Walking,4.8,75.0,142,107,53,0,0,0,0,false
2025-09-23 04:18:11,2025-09-24 02:34:10,UTC+05:30,2025-09-23 21:19:30,2025-09-23 21:56:59,37,Weightlifting,4.7,89.0,136,99,33,0,0,0,0,false
2025-09-22 03:52:37,2025-09-23 04:18:11,UTC+05:30,2025-09-22 23:40:30,2025-09-23 00:23:59,43,Walking,4.8,89.0,140,98,23,0,0,0,0,false
2025-09-22 03:52:37,2025-09-23 04:18:11,UTC+05:30,2025-09-22 21:34:30,2025-09-22 21:49:29,14,Weightlifting,4.3,35.0,128,102,33,0,0,0,0,false
2025-09-22 03:52:37,2025-09-23 04:18:11,UTC+05:30,2025-09-22 19:24:00,2025-09-22 19:38:59,14,Walking,4.1,22.0,114,96,1,0,0,0,0,false
2025-09-22 03:52:37,2025-09-23 04:18:11,UTC+05:30,2025-09-22 17:40:30,2025-09-22 18:16:29,35,Walking,5.1,102.0,143,104,42,0,0,0,0,false
2025-09-21 05:23:34,2025-09-22 03:52:37,UTC+05:30,2025-09-21 13:27:00,2025-09-21 13:52:29,25,Weightlifting,4.3,47.0,128,98,16,0,0,0,0,false
2025-09-20 03:52:37,2025-09-21 05:23:34,UTC+05:30,2025-09-20 21:08:14,2025-09-20 22:10:24,62,Weightlifting,6.9,257.0,153,110,61,4,0,0,0,false
2025-09-18 01:58:32,2025-09-19 04:24:44,UTC+05:30,2025-09-18 20:10:30,2025-09-18 20:31:29,20,Walking,4.2,36.0,147,93,13,0,0,0,0,false
2025-09-16 04:55:30,2025-09-17 03:03:54,UTC+05:30,2025-09-16 21:22:11,2025-09-16 22:22:32,60,Weightlifting,6.3,208.0,154,105,39,4,0,0,0,false
2025-09-13 04:37:54,2025-09-14 02:47:38,UTC+05:30,2025-09-13 20:43:31,2025-09-13 22:13:37,90,Weightlifting,4.7,140.0,128,94,6,0,0,0,0,false
2025-09-12 04:23:12,2025-09-13 04:37:54,UTC+05:30,2025-09-13 00:57:00,2025-09-13 01:28:29,31,Walking,4.5,63.0,142,97,16,0,0,0,0,false
2025-09-12 04:23:12,2025-09-13 04:37:54,UTC+05:30,2025-09-12 21:22:30,2025-09-12 22:02:59,40,Weightlifting,6.0,173.0,150,111,57,5,0,0,0,false
2025-09-09 04:42:28,2025-09-10 04:28:57,UTC+05:30,2025-09-09 21:13:30,2025-09-09 21:40:29,26,Powerlifting,5.1,103.0,146,109,57,1,0,0,0,false
2025-09-09 04:42:28,2025-09-10 04:28:57,UTC+05:30,2025-09-09 13:45:03,2025-09-09 14:15:18,30,Cycling,4.2,52.0,128,94,8,0,0,0,0,false
2025-09-08 05:39:36,2025-09-09 04:42:28,UTC+05:30,2025-09-08 21:12:00,2025-09-08 21:59:59,47,Weightlifting,8.2,315.0,168,123,67,17,3,0,0,false
2025-09-08 05:39:36,2025-09-09 04:42:28,UTC+05:30,2025-09-08 13:55:14,2025-09-08 14:21:17,26,Cycling,4.3,54.0,143,93,18,1,0,0,0,false
2025-09-07 04:49:35,2025-09-08 05:39:36,UTC+05:30,2025-09-07 17:24:47,2025-09-07 17:40:39,15,Cycling,0.0,20.0,118,87,1,0,0,0,0,false
2025-09-05 06:42:32,2025-09-06 03:37:31,UTC+05:30,2025-09-05 20:58:30,2025-09-05 22:05:59,67,Weightlifting,9.3,415.0,161,122,64,18,4,0,0,false
2025-09-05 06:42:32,2025-09-06 03:37:31,UTC+05:30,2025-09-05 18:22:30,2025-09-05 18:56:59,34,Running,13.6,463.0,178,155,1,20,33,45,1,false
2025-09-04 03:24:00,2025-09-05 06:42:32,UTC+05:30,2025-09-04 21:30:00,2025-09-04 21:55:29,25,Weightlifting,5.0,91.0,148,110,57,2,0,0,0,false
2025-09-04 03:24:00,2025-09-05 06:42:32,UTC+05:30,2025-09-04 19:01:30,2025-09-04 19:43:29,41,Running,14.4,527.0,184,151,17,10,19,42,10,false
2025-09-03 04:43:08,2025-09-04 03:24:00,UTC+05:30,2025-09-03 20:57:00,2025-09-03 21:49:29,52,Weightlifting,7.0,227.0,171,112,49,6,3,1,0,false
2025-09-03 04:43:08,2025-09-04 03:24:00,UTC+05:30,2025-09-03 19:39:00,2025-09-03 19:59:59,20,Walking,4.2,42.0,144,100,20,0,0,0,0,false
2025-09-02 04:49:41,2025-09-03 04:43:08,UTC+05:30,2025-09-02 21:21:00,2025-09-02 22:02:59,41,Weightlifting,7.1,243.0,159,121,69,14,4,0,0,false
2025-09-01 03:42:28,2025-09-02 04:49:41,UTC+05:30,2025-09-01 21:27:42,2025-09-01 22:30:25,62,Weightlifting,6.6,243.0,153,110,55,3,0,0,0,false
2025-08-31 04:00:11,2025-09-01 03:42:28,UTC+05:30,2025-08-31 17:43:38,2025-08-31 17:58:01,14,Running,9.0,157.0,181,143,23,5,6,46,8,false
2025-08-31 04:00:11,2025-09-01 03:42:28,UTC+05:30,2025-08-31 13:48:00,2025-08-31 14:11:00,23,Functional Fitness,10.1,139.0,159,122,53,23,6,0,0,false
2025-08-31 04:00:11,2025-09-01 03:42:28,UTC+05:30,2025-08-31 12:46:30,2025-08-31 13:22:29,35,Weightlifting,5.6,140.0,146,112,62,2,0,0,0,false
2025-08-30 03:37:24,2025-08-31 04:00:11,UTC+05:30,2025-08-30 21:13:30,2025-08-30 21:50:59,37,Weightlifting,5.3,125.0,145,109,58,1,0,0,0,false
2025-08-29 07:51:12,2025-08-30 03:37:24,UTC+05:30,2025-08-29 21:21:00,2025-08-29 22:04:29,43,Weightlifting,6.8,236.0,156,119,82,8,1,0,0,false
2025-08-29 07:51:12,2025-08-30 03:37:24,UTC+05:30,2025-08-29 17:03:00,2025-08-29 17:33:15,30,Running,12.6,375.0,181,151,20,3,27,45,3,false
2025-08-29 07:51:12,2025-08-30 03:37:24,UTC+05:30,2025-08-29 14:15:50,2025-08-29 14:31:53,16,Cycling,4.1,31.0,145,96,21,1,0,0,0,false
2025-08-29 07:51:12,2025-08-30 03:37:24,UTC+05:30,2025-08-29 12:34:28,2025-08-29 12:58:05,23,Walking,1.1,30.0,115,82,1,0,0,0,0,false
2025-08-28 06:42:42,2025-08-29 07:51:12,UTC+05:30,2025-08-28 23:22:30,2025-08-29 00:01:29,38,Walking,6.2,188.0,149,116,75,8,0,0,0,false
2025-08-28 06:42:42,2025-08-29 07:51:12,UTC+05:30,2025-08-28 16:56:29,2025-08-28 17:13:33,17,Walking,3.3,23.0,122,88,3,0,0,0,0,false
2025-08-27 04:37:05,2025-08-28 06:42:42,UTC+05:30,2025-08-27 21:36:00,2025-08-27 21:59:48,23,Weightlifting,5.2,104.0,149,114,72,6,0,0,0,false
2025-08-27 04:37:05,2025-08-28 06:42:42,UTC+05:30,2025-08-27 18:45:00,2025-08-27 19:44:39,59,Walking,5.0,125.0,140,98,25,0,0,0,0,false
2025-08-26 06:30:04,2025-08-27 04:37:05,UTC+05:30,2025-08-26 21:06:00,2025-08-26 22:05:59,59,Weightlifting,7.2,278.0,158,116,76,6,0,0,0,false
2025-08-25 04:53:03,2025-08-26 06:30:04,UTC+05:30,2025-08-25 21:24:00,2025-08-25 21:41:59,17,Weightlifting,5.5,115.0,156,124,81,12,1,0,0,false
2025-08-25 04:53:03,2025-08-26 06:30:04,UTC+05:30,2025-08-25 12:30:40,2025-08-25 12:41:26,10,Walking,1.4,14.0,116,93,2,0,0,0,0,false
2025-08-24 03:18:28,2025-08-25 04:53:03,UTC+05:30,2025-08-24 13:27:00,2025-08-24 14:11:59,44,Weightlifting,5.8,162.0,147,110,58,2,0,0,0,false
2025-08-23 03:25:08,2025-08-24 03:18:28,UTC+05:30,2025-08-23 23:16:30,2025-08-24 00:01:29,44,Activity,4.8,91.0,128,101,21,0,0,0,0,false
2025-08-22 07:04:35,2025-08-23 03:25:08,UTC+05:30,2025-08-22 21:09:00,2025-08-22 21:41:59,32,Weightlifting,5.2,109.0,155,110,53,3,0,0,0,false
2025-08-21 04:17:24,2025-08-22 07:04:35,UTC+05:30,2025-08-21 21:18:00,2025-08-21 22:05:59,47,Weightlifting,6.5,211.0,163,115,65,8,3,0,0,false
2025-08-21 04:17:24,2025-08-22 07:04:35,UTC+05:30,2025-08-21 19:07:30,2025-08-21 19:29:31,22,Walking,4.5,51.0,146,104,36,1,0,0,0,false
2025-08-20 05:27:23,2025-08-21 04:17:24,UTC+05:30,2025-08-20 20:57:00,2025-08-20 21:47:59,50,Weightlifting,8.4,328.0,165,124,69,18,5,0,0,false
2025-08-19 05:21:00,2025-08-20 05:27:23,UTC+05:30,2025-08-19 21:13:30,2025-08-19 22:08:59,55,Weightlifting,7.2,259.0,154,115,67,6,1,0,0,false
2025-08-18 03:15:11,2025-08-19 05:21:00,UTC+05:30,2025-08-18 21:10:30,2025-08-18 22:07:00,56,Weightlifting,7.6,292.0,157,118,75,10,1,0,0,false
2025-08-17 04:23:26,2025-08-18 03:15:11,UTC+05:30,2025-08-17 13:13:30,2025-08-17 14:23:59,70,Weightlifting,9.4,421.0,179,121,63,18,6,0,0,false
2025-08-16 04:49:20,2025-08-17 04:23:26,UTC+05:30,2025-08-16 21:16:30,2025-08-16 22:04:29,47,Weightlifting,6.0,173.0,149,110,57,3,0,0,0,false
2025-08-14 03:17:36,2025-08-15 04:56:30,UTC+05:30,2025-08-15 00:08:30,2025-08-15 01:05:59,57,Walking,4.8,109.0,135,101,21,0,0,0,0,false
2025-08-14 03:17:36,2025-08-15 04:56:30,UTC+05:30,2025-08-14 21:22:30,2025-08-14 21:59:59,37,Weightlifting,6.4,166.0,163,114,49,10,6,0,0,false
2025-08-13 06:57:00,2025-08-14 03:17:36,UTC+05:30,2025-08-13 21:04:30,2025-08-13 21:32:59,28,Weightlifting,5.0,89.0,144,108,48,2,0,0,0,false
2025-08-13 06:57:00,2025-08-14 03:17:36,UTC+05:30,2025-08-13 18:10:00,2025-08-13 18:41:59,31,Walking,4.8,85.0,148,103,24,6,0,0,0,false
2025-08-12 06:28:00,2025-08-13 06:57:00,UTC+05:30,2025-08-12 21:10:16,2025-08-12 22:10:41,60,Weightlifting,7.7,305.0,155,116,67,10,0,0,0,false
2025-08-11 03:23:09,2025-08-12 06:28:00,UTC+05:30,2025-08-11 21:18:00,2025-08-11 22:09:43,51,Weightlifting,5.6,148.0,151,104,33,2,0,0,0,false
2025-08-10 05:58:14,2025-08-11 03:23:09,UTC+05:30,2025-08-10 13:49:30,2025-08-10 14:35:59,46,Weightlifting,5.8,165.0,142,108,55,2,0,0,0,false
2025-08-10 05:58:14,2025-08-11 03:23:09,UTC+05:30,2025-08-10 13:21:00,2025-08-10 13:37:29,16,Weightlifting,4.3,37.0,139,101,22,1,0,0,0,false
2025-08-09 05:18:37,2025-08-10 05:58:14,UTC+05:30,2025-08-10 00:06:00,2025-08-10 00:22:29,16,Walking,4.4,43.0,132,104,29,0,0,0,0,false
2025-08-09 05:18:37,2025-08-10 05:58:14,UTC+05:30,2025-08-09 20:47:46,2025-08-09 22:07:59,80,Weightlifting,6.3,217.0,144,104,34,0,0,0,0,false
2025-08-08 05:04:06,2025-08-09 05:18:37,UTC+05:30,2025-08-08 21:25:30,2025-08-08 21:47:59,22,Weightlifting,4.9,82.0,149,109,55,1,0,0,0,false
2025-08-07 04:17:42,2025-08-08 05:04:06,UTC+05:30,2025-08-07 21:22:03,2025-08-07 22:23:55,61,Weightlifting,6.2,217.0,148,107,53,2,0,0,0,false
2025-08-06 02:57:48,2025-08-07 04:17:42,UTC+05:30,2025-08-06 21:16:33,2025-08-06 22:04:38,48,Weightlifting,5.8,161.0,147,107,46,2,0,0,0,false
2025-08-05 01:59:48,2025-08-06 02:57:48,UTC+05:30,2025-08-05 20:57:00,2025-08-05 21:40:29,43,Weightlifting,7.7,270.0,167,122,68,18,4,0,0,false
2025-08-05 01:59:48,2025-08-06 02:57:48,UTC+05:30,2025-08-05 16:48:00,2025-08-05 17:38:59,50,Walking,5.7,152.0,139,106,44,0,0,0,0,false
2025-08-03 02:33:38,2025-08-04 03:45:49,UTC+05:30,2025-08-03 21:40:30,2025-08-03 22:17:59,37,Weightlifting,5.0,102.0,146,103,31,2,0,0,0,false
2025-08-03 02:33:38,2025-08-04 03:45:49,UTC+05:30,2025-08-03 13:44:34,2025-08-03 15:20:28,95,Weightlifting,5.3,184.0,142,98,16,0,0,0,0,false
2025-08-02 01:14:39,2025-08-03 02:33:38,UTC+05:30,2025-08-02 14:13:23,2025-08-02 14:33:59,20,Elliptical,4.4,46.0,124,102,17,0,0,0,0,false
2025-08-02 01:14:39,2025-08-03 02:33:38,UTC+05:30,2025-08-02 10:22:30,2025-08-02 11:32:59,70,Walking,6.4,227.0,139,106,43,0,0,0,0,false
2025-07-30 01:56:57,2025-07-31 01:43:15,UTC+05:30,2025-07-31 00:01:30,2025-07-31 00:40:29,38,Running,5.3,119.0,142,105,33,1,0,0,0,false
2025-07-29 02:19:28,2025-07-30 01:56:57,UTC+05:30,2025-07-29 20:31:30,2025-07-29 20:46:29,14,Race Walking,4.6,55.0,155,110,50,4,1,0,0,false
2025-07-28 02:55:17,2025-07-29 02:19:28,UTC+05:30,2025-07-28 21:15:00,2025-07-28 22:03:01,48,Weightlifting,5.8,160.0,141,108,58,0,0,0,0,false
2025-07-28 02:55:17,2025-07-29 02:19:28,UTC+05:30,2025-07-28 14:01:57,2025-07-28 14:33:01,31,Elliptical,4.7,71.0,131,103,23,0,0,0,0,false
2025-07-27 02:45:00,2025-07-28 02:55:17,UTC+05:30,2025-07-27 13:31:20,2025-07-27 15:22:28,111,Weightlifting,7.7,360.0,151,107,47,2,0,0,0,false
2025-07-25 04:38:00,2025-07-26 04:43:24,UTC+05:30,2025-07-25 23:52:30,2025-07-26 00:16:29,23,Race Walking,4.4,52.0,136,98,28,0,0,0,0,false
2025-07-25 04:38:00,2025-07-26 04:43:24,UTC+05:30,2025-07-25 21:06:00,2025-07-25 21:53:59,47,Weightlifting,6.3,197.0,155,113,61,6,0,0,0,false
2025-07-25 04:38:00,2025-07-26 04:43:24,UTC+05:30,2025-07-25 15:48:44,2025-07-25 16:39:09,50,Elliptical,6.1,168.0,159,106,29,6,3,0,0,false
2025-07-24 03:46:22,2025-07-25 04:38:00,UTC+05:30,2025-07-24 21:32:46,2025-07-24 22:08:57,36,Weightlifting,6.0,166.0,155,115,66,6,1,0,0,false
2025-07-24 03:46:22,2025-07-25 04:38:00,UTC+05:30,2025-07-24 16:07:42,2025-07-24 16:41:19,33,Elliptical,5.7,139.0,163,113,57,6,1,0,0,false
2025-07-23 06:51:08,2025-07-24 03:46:22,UTC+05:30,2025-07-23 20:58:00,2025-07-23 21:30:27,32,Weightlifting,5.9,160.0,152,117,75,6,0,0,0,false
2025-07-23 06:51:08,2025-07-24 03:46:22,UTC+05:30,2025-07-23 16:16:12,2025-07-23 17:00:19,44,Elliptical,5.2,114.0,150,105,32,1,0,0,0,false
2025-07-23 06:51:08,2025-07-24 03:46:22,UTC+05:30,2025-07-23 15:30:28,2025-07-23 16:15:53,45,Weightlifting,4.8,102.0,157,100,30,0,0,0,0,false
2025-07-21 05:33:38,2025-07-22 04:34:41,UTC+05:30,2025-07-21 19:43:30,2025-07-21 20:23:59,40,Activity,5.3,121.0,150,105,30,4,0,0,0,false
2025-07-21 05:33:38,2025-07-22 04:34:41,UTC+05:30,2025-07-21 14:37:09,2025-07-21 15:03:41,26,Elliptical,5.3,112.0,150,114,66,2,0,0,0,false
2025-07-20 04:27:16,2025-07-21 05:33:38,UTC+05:30,2025-07-20 22:33:00,2025-07-20 23:32:59,59,Race Walking,6.6,217.0,166,110,51,3,2,0,0,false
2025-07-20 04:27:16,2025-07-21 05:33:38,UTC+05:30,2025-07-20 18:33:00,2025-07-20 19:05:14,32,Walking,4.7,77.0,140,103,33,1,0,0,0,false
2025-07-20 04:27:16,2025-07-21 05:33:38,UTC+05:30,2025-07-20 13:19:43,2025-07-20 15:03:40,103,Weightlifting,4.4,148.0,135,93,5,0,0,0,0,false
2025-07-19 03:04:00,2025-07-20 04:27:16,UTC+05:30,2025-07-19 21:04:51,2025-07-19 22:06:20,61,Weightlifting,6.5,220.0,153,110,52,6,0,0,0,false
2025-07-19 03:04:00,2025-07-20 04:27:16,UTC+05:30,2025-07-19 13:27:00,2025-07-19 14:02:44,35,Elliptical,5.2,113.0,149,108,48,1,0,0,0,false
2025-07-17 07:56:12,2025-07-18 02:35:24,UTC+05:30,2025-07-17 23:32:46,2025-07-18 00:38:39,65,Walking,4.0,87.0,129,91,1,0,0,0,0,false
2025-07-17 07:56:12,2025-07-18 02:35:24,UTC+05:30,2025-07-17 21:28:30,2025-07-17 21:58:29,29,Weightlifting,4.9,89.0,144,105,31,4,0,0,0,false
2025-07-16 03:50:00,2025-07-17 07:56:12,UTC+05:30,2025-07-16 21:19:30,2025-07-16 21:58:29,38,Weightlifting,6.9,224.0,155,120,65,18,1,0,0,false
2025-07-16 03:50:00,2025-07-17 07:56:12,UTC+05:30,2025-07-16 15:46:52,2025-07-16 17:11:28,84,Walking,10.1,397.0,182,115,40,5,5,3,1,false
2025-07-15 05:52:46,2025-07-16 03:50:00,UTC+05:30,2025-07-15 14:28:30,2025-07-15 14:53:26,24,Elliptical,4.4,56.0,141,100,28,1,0,0,0,false
2025-07-14 00:00:00,2025-07-15 05:52:46,UTC+05:30,2025-07-14 20:46:08,2025-07-14 22:31:00,104,Weightlifting,7.9,375.0,154,108,45,4,0,0,0,false
2025-07-12 07:14:47,2025-07-14 00:00:00,UTC+05:30,2025-07-12 21:00:30,2025-07-12 22:16:20,75,Weightlifting,6.1,209.0,150,104,33,0,0,0,0,false
2025-07-11 02:02:39,2025-07-12 07:14:47,UTC+05:30,2025-07-11 21:25:30,2025-07-11 22:08:59,43,Weightlifting,9.1,334.0,181,129,65,22,7,3,1,false
2025-07-11 02:02:39,2025-07-12 07:14:47,UTC+05:30,2025-07-11 14:00:00,2025-07-11 14:29:59,29,Elliptical,9.3,240.0,189,130,18,17,19,9,7,false
2025-07-10 05:02:05,2025-07-11 02:02:39,UTC+05:30,2025-07-10 21:34:30,2025-07-10 21:56:59,22,Weightlifting,4.8,80.0,142,110,61,0,0,0,0,false
2025-07-09 03:26:43,2025-07-10 05:02:05,UTC+05:30,2025-07-09 23:51:00,2025-07-10 00:11:59,20,Hiking,4.9,74.0,147,110,44,4,0,0,0,false
2025-07-09 03:26:43,2025-07-10 05:02:05,UTC+05:30,2025-07-09 21:10:30,2025-07-09 21:56:59,46,Weightlifting,5.0,109.0,156,102,23,1,0,0,0,false
2025-07-08 02:08:18,2025-07-09 03:26:43,UTC+05:30,2025-07-08 21:33:00,2025-07-08 21:53:59,20,Weightlifting,5.1,99.0,163,116,79,2,0,0,0,false
2025-07-08 02:08:18,2025-07-09 03:26:43,UTC+05:30,2025-07-08 21:03:00,2025-07-08 21:20:59,17,Weightlifting,5.0,87.0,147,117,71,6,0,0,0,false
2025-07-07 02:01:57,2025-07-08 02:08:18,UTC+05:30,2025-07-07 13:48:00,2025-07-07 14:23:59,35,Elliptical,6.0,147.0,167,113,49,4,3,1,0,false
2025-07-04 03:28:59,2025-07-06 03:11:09,UTC+05:30,2025-07-04 21:04:30,2025-07-04 21:22:29,17,Weightlifting,4.4,49.0,137,105,41,0,0,0,0,false
2025-07-03 02:23:50,2025-07-04 03:28:59,UTC+05:30,2025-07-03 23:33:00,2025-07-04 00:11:59,38,Walking,5.9,170.0,148,114,57,6,0,0,0,false
2025-06-22 05:47:16,2025-06-24 04:03:56,UTC+05:30,2025-06-22 13:40:30,2025-06-22 14:08:59,28,Activity,7.4,202.0,183,127,49,20,14,4,0,false
2025-06-21 00:00:00,2025-06-22 05:47:16,UTC+05:30,2025-06-21 15:54:00,2025-06-21 16:35:59,41,Weightlifting,9.9,317.0,191,129,43,20,13,7,4,false
2025-06-19 02:33:50,2025-06-21 00:00:00,UTC+05:30,2025-06-19 20:51:00,2025-06-19 21:53:59,62,Weightlifting,7.0,258.0,149,114,67,4,0,0,0,false
2025-06-18 00:00:00,2025-06-19 02:33:50,UTC+05:30,2025-06-18 19:39:00,2025-06-18 20:14:59,35,Activity,5.6,137.0,148,112,61,3,0,0,0,false
2025-06-18 00:00:00,2025-06-19 02:33:50,UTC+05:30,2025-06-18 18:12:00,2025-06-18 18:57:05,45,Running,13.4,524.0,181,147,4,20,43,27,0,false
2025-06-18 00:00:00,2025-06-19 02:33:50,UTC+05:30,2025-06-18 14:04:30,2025-06-18 14:29:59,25,Weightlifting,4.2,45.0,152,97,18,0,0,0,0,false
2025-06-17 00:00:00,2025-06-18 00:00:00,UTC+05:30,2025-06-17 20:57:00,2025-06-17 21:52:29,55,Weightlifting,6.1,187.0,144,110,59,1,0,0,0,false
2025-06-14 03:13:32,2025-06-15 01:10:42,UTC+05:30,2025-06-14 21:15:00,2025-06-14 21:38:59,23,Weightlifting,4.7,72.0,140,109,57,0,0,0,0,false
2025-06-11 01:42:41,2025-06-12 04:56:26,UTC+05:30,2025-06-11 21:16:30,2025-06-11 22:05:59,49,Weightlifting,5.4,130.0,145,106,43,0,0,0,0,false
2025-06-10 02:48:37,2025-06-11 01:42:41,UTC+05:30,2025-06-10 11:22:30,2025-06-10 11:52:29,29,Powerlifting,4.4,62.0,132,102,28,0,0,0,0,false
2025-06-09 01:42:41,2025-06-10 02:48:37,UTC+05:30,2025-06-09 17:54:00,2025-06-09 18:19:29,25,Running,12.3,334.0,186,155,10,12,20,50,7,false
2025-06-07 02:09:39,2025-06-08 05:42:33,UTC+05:30,2025-06-07 20:57:00,2025-06-07 21:58:29,61,Weightlifting,7.7,304.0,158,118,67,10,2,0,0,false
2025-06-07 02:09:39,2025-06-08 05:42:33,UTC+05:30,2025-06-07 12:27:00,2025-06-07 13:22:29,55,Elliptical,5.5,147.0,142,107,38,0,0,0,0,false
2025-06-06 00:31:13,2025-06-07 02:09:39,UTC+05:30,2025-06-06 20:40:18,2025-06-06 22:07:03,86,Weightlifting,5.0,145.0,132,99,14,0,0,0,0,false
2025-06-05 00:45:01,2025-06-06 00:31:13,UTC+05:30,2025-06-05 06:07:30,2025-06-05 06:28:29,20,Walking,5.8,137.0,149,125,75,20,0,0,0,false
2025-06-04 06:03:47,2025-06-05 00:45:01,UTC+05:30,2025-06-04 18:30:00,2025-06-04 19:02:59,32,Running,13.7,454.0,183,157,2,2,32,60,2,false
2025-05-29 02:45:21,2025-05-30 03:10:44,UTC+05:30,2025-05-29 21:24:00,2025-05-29 22:14:59,50,Weightlifting,7.8,299.0,157,121,77,12,1,0,0,false
2025-05-28 05:28:45,2025-05-29 02:45:21,UTC+05:30,2025-05-28 20:48:00,2025-05-28 21:46:29,58,Weightlifting,7.8,304.0,158,118,68,9,2,0,0,false
2025-05-27 05:00:54,2025-05-28 05:28:45,UTC+05:30,2025-05-27 20:31:30,2025-05-27 21:32:59,61,Weightlifting,12.6,557.0,183,136,39,30,20,7,2,false
2025-05-27 05:00:54,2025-05-28 05:28:45,UTC+05:30,2025-05-27 13:37:30,2025-05-27 14:04:29,26,Weightlifting,4.9,83.0,149,107,47,2,0,0,0,false
2025-05-26 02:17:58,2025-05-27 05:00:54,UTC+05:30,2025-05-26 21:00:00,2025-05-26 22:07:29,67,Weightlifting,7.9,319.0,155,116,62,10,0,0,0,false
2025-05-25 05:29:25,2025-05-26 02:17:58,UTC+05:30,2025-05-25 17:34:30,2025-05-25 17:55:29,20,Activity,4.0,29.0,124,97,2,0,0,0,0,false
2025-05-23 04:22:18,2025-05-24 03:33:19,UTC+05:30,2025-05-23 20:49:30,2025-05-23 22:05:59,76,Weightlifting,10.0,503.0,161,124,76,18,2,0,0,false
2025-05-22 00:00:00,2025-05-23 04:22:18,UTC+05:30,2025-05-22 21:06:00,2025-05-22 22:07:29,61,Weightlifting,8.7,373.0,163,122,74,15,2,0,0,false
2025-05-19 05:12:15,2025-05-20 05:29:19,UTC+05:30,2025-05-19 20:33:00,2025-05-19 22:11:59,98,Weightlifting,9.6,486.0,159,116,64,8,2,0,0,false
2025-05-18 03:55:35,2025-05-19 05:12:15,UTC+05:30,2025-05-18 21:15:00,2025-05-18 21:31:29,16,Elliptical,4.1,32.0,137,99,19,0,0,0,0,false
2025-05-17 00:00:00,2025-05-18 03:55:35,UTC+05:30,2025-05-17 21:06:00,2025-05-17 21:22:29,16,Weightlifting,4.5,48.0,146,108,33,5,0,0,0,false
2025-05-07 05:29:36,2025-05-08 05:29:36,UTC+05:30,2025-05-07 13:34:30,2025-05-07 14:19:29,44,Weightlifting,5.8,158.0,156,108,43,4,2,0,0,false
2025-05-06 04:30:39,2025-05-07 05:29:36,UTC+05:30,2025-05-06 21:22:30,2025-05-06 22:16:29,53,Weightlifting,6.3,209.0,150,112,66,1,0,0,0,false
2025-05-05 04:40:52,2025-05-06 04:30:39,UTC+05:30,2025-05-05 18:51:00,2025-05-05 19:10:29,19,Running,8.3,178.0,175,136,17,14,31,20,0,false
2025-05-05 04:40:52,2025-05-06 04:30:39,UTC+05:30,2025-05-05 16:28:30,2025-05-05 17:11:59,43,Weightlifting,5.0,104.0,145,103,34,1,0,0,0,false
2025-05-04 04:09:40,2025-05-05 04:40:52,UTC+05:30,2025-05-04 14:25:30,2025-05-04 14:40:29,14,Weightlifting,4.1,25.0,123,101,20,0,0,0,0,false
2025-05-04 04:09:40,2025-05-05 04:40:52,UTC+05:30,2025-05-04 13:18:00,2025-05-04 13:40:29,22,Weightlifting,4.5,54.0,148,104,34,2,0,0,0,false
2025-05-03 04:48:07,2025-05-04 04:09:40,UTC+05:30,2025-05-03 21:13:30,2025-05-03 22:04:29,50,Weightlifting,6.3,195.0,156,112,59,5,0,0,0,false
2025-05-02 04:50:22,2025-05-03 04:48:07,UTC+05:30,2025-05-02 21:22:30,2025-05-02 22:08:59,46,Weightlifting,6.1,188.0,152,113,66,4,0,0,0,false
2025-04-29 04:04:16,2025-04-30 03:51:15,UTC+05:30,2025-04-29 21:07:30,2025-04-29 21:55:29,47,Weightlifting,6.2,194.0,141,113,68,1,0,0,0,false
2025-04-28 04:19:09,2025-04-29 04:04:16,UTC+05:30,2025-04-28 21:10:30,2025-04-28 22:08:59,58,Weightlifting,8.4,354.0,159,122,80,12,1,0,0,false
2025-04-28 04:19:09,2025-04-29 04:04:16,UTC+05:30,2025-04-28 18:27:00,2025-04-28 19:01:29,34,Running,13.4,455.0,176,155,4,3,50,41,0,false
2025-04-28 04:19:09,2025-04-29 04:04:16,UTC+05:30,2025-04-28 11:28:30,2025-04-28 11:49:29,20,Activity,5.9,140.0,152,125,71,22,1,0,0,false
2025-04-27 02:20:26,2025-04-28 04:19:09,UTC+05:30,2025-04-27 21:06:00,2025-04-27 22:04:29,58,Elliptical,5.9,170.0,152,108,41,1,0,0,0,false
2025-04-27 02:20:26,2025-04-28 04:19:09,UTC+05:30,2025-04-27 14:12:00,2025-04-27 14:52:29,40,Strength Trainer,6.6,185.0,173,115,57,6,3,2,0,false
2025-04-27 02:20:26,2025-04-28 04:19:09,UTC+05:30,2025-04-27 13:06:00,2025-04-27 13:50:59,44,Weightlifting,6.0,131.0,184,105,33,1,0,2,1,false
2025-04-25 01:26:34,2025-04-26 05:04:02,UTC+05:30,2025-04-25 12:30:00,2025-04-25 12:47:59,17,Weightlifting,4.1,31.0,140,97,19,0,0,0,0,false
2025-04-24 02:55:04,2025-04-25 01:26:34,UTC+05:30,2025-04-24 21:04:30,2025-04-24 21:29:59,25,Weightlifting,5.5,129.0,154,117,81,5,0,0,0,false
2025-04-23 03:23:18,2025-04-24 02:55:04,UTC+05:30,2025-04-23 21:07:30,2025-04-23 21:25:29,17,Weightlifting,4.7,69.0,137,111,67,0,0,0,0,false
2025-04-22 04:43:39,2025-04-23 03:23:18,UTC+05:30,2025-04-22 21:09:00,2025-04-22 21:43:29,34,Weightlifting,7.2,232.0,163,125,71,22,2,0,0,false
2025-04-21 00:16:18,2025-04-22 04:43:39,UTC+05:30,2025-04-21 21:01:30,2025-04-21 22:11:59,70,Weightlifting,8.4,352.0,168,116,61,10,3,0,0,false
2025-04-20 08:45:44,2025-04-21 00:16:18,UTC+05:30,2025-04-20 21:46:30,2025-04-20 22:32:59,46,Elliptical,5.4,131.0,145,105,37,2,0,0,0,false
2025-04-20 08:45:44,2025-04-21 00:16:18,UTC+05:30,2025-04-20 14:27:00,2025-04-20 14:41:59,14,Weightlifting,4.2,31.0,126,101,24,0,0,0,0,false
2025-04-19 02:41:03,2025-04-20 08:45:44,UTC+05:30,2025-04-20 05:40:30,2025-04-20 06:05:59,25,Activity,4.7,69.0,146,105,31,1,0,0,0,false
2025-04-19 02:41:03,2025-04-20 08:45:44,UTC+05:30,2025-04-19 21:03:00,2025-04-19 22:37:29,94,Weightlifting,9.6,483.0,162,117,71,8,1,0,0,false
2025-04-18 03:47:12,2025-04-19 02:41:03,UTC+05:30,2025-04-18 20:45:00,2025-04-18 21:34:29,49,Weightlifting,5.9,172.0,151,109,44,4,0,0,0,false
2025-04-17 03:08:36,2025-04-18 03:47:12,UTC+05:30,2025-04-17 21:07:30,2025-04-17 21:25:29,17,Weightlifting,4.2,31.0,136,98,19,0,0,0,0,false
2025-04-16 01:24:32,2025-04-17 03:08:36,UTC+05:30,2025-04-16 20:45:00,2025-04-16 21:59:59,74,Weightlifting,7.3,296.0,147,111,54,2,0,0,0,false
2025-04-15 02:50:25,2025-04-16 01:24:32,UTC+05:30,2025-04-15 21:12:00,2025-04-15 22:05:59,53,Weightlifting,9.1,376.0,164,126,66,18,9,0,0,false
2025-04-14 02:32:05,2025-04-15 02:50:25,UTC+05:30,2025-04-14 20:36:52,2025-04-14 22:10:18,93,Weightlifting,6.6,258.0,160,103,28,2,0,0,0,false
2025-04-13 00:00:00,2025-04-14 02:32:05,UTC+05:30,2025-04-13 21:57:00,2025-04-13 22:13:29,16,Elliptical,4.2,28.0,122,100,2,0,0,0,0,false
2025-04-13 00:00:00,2025-04-14 02:32:05,UTC+05:30,2025-04-13 21:19:30,2025-04-13 21:43:29,23,Elliptical,4.3,45.0,139,100,10,0,0,0,0,false
2025-04-08 04:44:53,2025-04-09 05:37:27,UTC+05:30,2025-04-08 21:06:51,2025-04-08 22:40:07,93,Weightlifting,5.7,200.0,144,97,21,0,0,0,0,false
2025-04-07 04:50:05,2025-04-08 04:44:53,UTC+05:30,2025-04-07 21:09:00,2025-04-07 22:01:29,52,Weightlifting,7.5,287.0,164,119,77,6,0,0,0,false
2025-04-05 02:21:08,2025-04-06 05:04:49,UTC+05:30,2025-04-05 21:00:00,2025-04-05 21:53:10,53,Strength Trainer,6.4,209.0,156,111,57,2,0,0,0,false
2025-04-04 05:32:35,2025-04-05 02:21:08,UTC+05:30,2025-04-04 21:03:00,2025-04-04 22:02:59,59,Weightlifting,6.0,182.0,153,108,40,2,0,0,0,false
2025-04-04 05:32:35,2025-04-05 02:21:08,UTC+05:30,2025-04-04 19:36:00,2025-04-04 19:55:29,19,Walking,6.3,142.0,161,128,52,26,14,0,0,false
2025-04-03 04:30:25,2025-04-04 05:32:35,UTC+05:30,2025-04-03 21:07:30,2025-04-03 21:37:29,29,Weightlifting,5.5,136.0,144,115,76,1,0,0,0,false
2025-04-02 02:32:25,2025-04-03 04:30:25,UTC+05:30,2025-04-02 21:24:00,2025-04-02 21:41:59,17,Weightlifting,4.6,58.0,154,110,50,3,0,0,0,false
2025-04-01 05:22:58,2025-04-02 02:32:25,UTC+05:30,2025-04-01 21:40:02,2025-04-01 22:23:11,43,Weightlifting,5.6,150.0,153,108,56,3,0,0,0,false
2025-04-01 05:22:58,2025-04-02 02:32:25,UTC+05:30,2025-04-01 19:55:35,2025-04-01 19:59:29,3,Weightlifting,0.0,5.0,90,79,0,0,0,0,0,false
2025-03-31 02:45:49,2025-04-01 05:22:58,UTC+05:30,2025-04-01 00:10:30,2025-04-01 00:58:29,47,Walking,7.7,286.0,157,122,76,14,1,0,0,false
2025-03-31 02:45:49,2025-04-01 05:22:58,UTC+05:30,2025-03-31 20:48:00,2025-03-31 22:11:59,83,Weightlifting,12.7,643.0,175,129,52,26,12,4,0,false
2025-03-31 02:45:49,2025-04-01 05:22:58,UTC+05:30,2025-03-31 18:51:00,2025-03-31 19:22:10,31,Elliptical,12.8,413.0,173,155,0,7,57,36,0,false
2025-03-30 04:06:36,2025-03-31 02:45:49,UTC+05:30,2025-03-30 21:30:00,2025-03-30 21:47:59,17,Elliptical,6.4,144.0,168,131,52,27,15,2,0,false
2025-03-30 04:06:36,2025-03-31 02:45:49,UTC+05:30,2025-03-30 14:19:30,2025-03-30 14:43:29,23,Weightlifting,4.4,51.0,136,98,28,0,0,0,0,false
2025-03-29 02:41:15,2025-03-30 04:06:36,UTC+05:30,2025-03-29 21:00:00,2025-03-29 22:07:29,67,Weightlifting,7.8,333.0,148,116,79,3,0,0,0,false
2025-03-28 04:00:09,2025-03-29 02:41:15,UTC+05:30,2025-03-28 20:42:00,2025-03-28 21:55:29,73,Weightlifting,8.4,385.0,156,118,86,4,0,0,0,false
2025-03-28 04:00:09,2025-03-29 02:41:15,UTC+05:30,2025-03-28 18:55:30,2025-03-28 19:23:59,28,Running,12.7,378.0,175,155,2,3,50,43,0,false
2025-03-26 05:07:28,2025-03-27 03:06:42,UTC+05:30,2025-03-26 21:00:00,2025-03-26 22:11:59,71,Weightlifting,9.2,418.0,162,121,74,12,2,0,0,false
2025-03-25 00:22:55,2025-03-26 05:07:28,UTC+05:30,2025-03-25 20:51:00,2025-03-25 22:17:59,86,Weightlifting,8.7,419.0,158,115,70,6,0,0,0,false
2025-03-22 04:50:34,2025-03-23 03:32:32,UTC+05:30,2025-03-22 20:54:03,2025-03-22 22:41:36,107,Weightlifting,6.4,262.0,148,100,29,1,0,0,0,false
2025-03-21 03:51:00,2025-03-22 04:50:34,UTC+05:30,2025-03-22 00:55:30,2025-03-22 01:10:29,14,Weightlifting,3.8,21.0,128,94,9,0,0,0,0,false
2025-03-21 03:51:00,2025-03-22 04:50:34,UTC+05:30,2025-03-21 21:30:35,2025-03-21 22:30:15,59,Weightlifting,7.8,305.0,156,115,50,16,1,0,0,false
2025-03-19 04:49:56,2025-03-20 03:24:21,UTC+05:30,2025-03-19 21:00:00,2025-03-19 22:02:59,62,Weightlifting,7.4,292.0,154,114,64,8,0,0,0,false
2025-03-18 03:30:09,2025-03-19 04:49:56,UTC+05:30,2025-03-18 20:58:31,2025-03-18 22:18:08,79,Weightlifting,9.9,473.0,163,121,64,17,2,0,0,false
2025-03-18 03:30:09,2025-03-19 04:49:56,UTC+05:30,2025-03-18 18:43:30,2025-03-18 19:13:29,29,Running,11.8,323.0,172,143,7,5,32,37,0,false
2025-03-18 03:30:09,2025-03-19 04:49:56,UTC+05:30,2025-03-18 10:31:30,2025-03-18 11:02:59,31,Walking,5.0,93.0,162,107,32,1,0,0,0,false
2025-03-17 02:22:45,2025-03-18 03:30:09,UTC+05:30,2025-03-18 02:00:00,2025-03-18 02:17:59,17,Walking,5.2,96.0,151,118,78,8,0,0,0,false
2025-03-17 02:22:45,2025-03-18 03:30:09,UTC+05:30,2025-03-17 21:26:02,2025-03-17 22:15:35,49,Weightlifting,8.1,276.0,168,119,38,20,8,0,0,false
2025-03-16 05:28:03,2025-03-17 02:22:45,UTC+05:30,2025-03-16 14:04:30,2025-03-16 14:22:29,17,Weightlifting,4.9,78.0,145,113,69,2,0,0,0,false
2025-03-16 05:28:03,2025-03-17 02:22:45,UTC+05:30,2025-03-16 10:46:30,2025-03-16 11:05:59,19,Activity,4.7,66.0,132,109,58,0,0,0,0,false
2025-03-15 02:22:23,2025-03-16 05:28:03,UTC+05:30,2025-03-16 00:15:00,2025-03-16 00:55:29,40,Walking,4.9,87.0,134,103,19,0,0,0,0,false
2025-03-15 02:22:23,2025-03-16 05:28:03,UTC+05:30,2025-03-15 20:53:46,2025-03-15 22:31:48,98,Weightlifting,7.4,332.0,156,107,43,2,0,0,0,false
2025-03-15 02:22:23,2025-03-16 05:28:03,UTC+05:30,2025-03-15 19:15:00,2025-03-15 19:37:29,22,Walking,5.0,86.0,145,110,48,6,0,0,0,false
2025-03-13 04:54:18,2025-03-14 04:07:40,UTC+05:30,2025-03-13 21:02:24,2025-03-13 22:32:15,89,Weightlifting,6.4,254.0,158,104,36,1,0,0,0,false
2025-03-12 03:22:09,2025-03-13 04:54:18,UTC+05:30,2025-03-12 21:28:30,2025-03-12 22:10:29,41,Weightlifting,5.3,128.0,152,105,42,1,0,0,0,false
2025-03-11 04:13:38,2025-03-12 03:22:09,UTC+05:30,2025-03-11 23:43:30,2025-03-11 23:58:29,14,Walking,4.2,30.0,138,100,14,0,0,0,0,false
2025-03-11 04:13:38,2025-03-12 03:22:09,UTC+05:30,2025-03-11 20:58:30,2025-03-11 22:16:51,78,Weightlifting,10.5,501.0,171,122,59,18,8,0,0,false
2025-03-10 03:48:43,2025-03-11 04:13:38,UTC+05:30,2025-03-10 21:00:30,2025-03-10 22:16:05,75,Weightlifting,6.4,228.0,147,106,42,0,0,0,0,false
2025-03-09 00:47:49,2025-03-10 03:48:43,UTC+05:30,2025-03-09 21:36:00,2025-03-09 21:56:59,20,Elliptical,5.4,108.0,154,117,71,10,0,0,0,false
2025-03-09 00:47:49,2025-03-10 03:48:43,UTC+05:30,2025-03-09 19:03:00,2025-03-09 19:46:29,43,Walking,5.1,111.0,148,103,29,1,0,0,0,false
2025-03-09 00:47:49,2025-03-10 03:48:43,UTC+05:30,2025-03-09 11:58:27,2025-03-09 13:56:26,117,Weightlifting,5.0,202.0,150,93,10,1,0,0,0,false
2025-03-08 01:30:32,2025-03-09 00:47:49,UTC+05:30,2025-03-08 21:49:24,2025-03-08 22:26:57,37,Weightlifting,4.1,52.0,118,91,2,0,0,0,0,false
2025-03-08 01:30:32,2025-03-09 00:47:49,UTC+05:30,2025-03-08 06:22:30,2025-03-08 06:58:29,35,Elliptical,5.5,139.0,144,111,61,1,0,0,0,false
2025-03-06 02:40:20,2025-03-07 03:13:37,UTC+05:30,2025-03-06 21:10:30,2025-03-06 21:26:59,16,Weightlifting,4.5,51.0,143,107,54,0,0,0,0,false
2025-03-05 02:18:34,2025-03-06 02:40:20,UTC+05:30,2025-03-05 21:05:24,2025-03-05 22:17:22,71,Weightlifting,7.5,308.0,152,113,62,5,0,0,0,false
2025-03-04 03:46:05,2025-03-05 02:18:34,UTC+05:30,2025-03-04 21:10:34,2025-03-04 22:12:33,61,Weightlifting,7.9,313.0,161,116,55,14,2,0,0,false
2025-03-03 03:35:54,2025-03-04 03:46:05,UTC+05:30,2025-03-03 21:16:30,2025-03-03 22:18:48,62,Weightlifting,6.9,248.0,155,112,70,4,1,0,0,false
2025-03-01 01:58:10,2025-03-02 05:07:21,UTC+05:30,2025-03-01 20:59:43,2025-03-01 22:23:25,83,Weightlifting,6.6,250.0,150,105,51,0,0,0,0,false
2025-02-28 03:24:06,2025-03-01 01:58:10,UTC+05:30,2025-02-28 21:28:53,2025-02-28 22:13:54,45,Weightlifting,5.8,164.0,148,110,64,3,0,0,0,false
2025-02-27 02:40:37,2025-02-28 03:24:06,UTC+05:30,2025-02-27 21:43:30,2025-02-27 21:58:29,14,Weightlifting,4.5,46.0,147,106,60,2,0,0,0,false
2025-02-27 02:40:37,2025-02-28 03:24:06,UTC+05:30,2025-02-27 20:57:00,2025-02-27 21:26:59,29,Weightlifting,5.1,100.0,153,108,40,6,0,0,0,false
2025-02-26 02:37:05,2025-02-27 02:40:37,UTC+05:30,2025-02-26 21:08:43,2025-02-26 22:32:05,83,Weightlifting,5.7,190.0,148,101,29,0,0,0,0,false
2025-02-25 02:11:20,2025-02-26 02:37:05,UTC+05:30,2025-02-25 21:02:12,2025-02-25 22:33:30,91,Weightlifting,6.6,271.0,151,101,39,1,0,0,0,false
2025-02-25 02:11:20,2025-02-26 02:37:05,UTC+05:30,2025-02-25 10:30:00,2025-02-25 11:04:29,34,Elliptical,5.3,116.0,133,108,56,0,0,0,0,false
2025-02-24 02:45:11,2025-02-25 02:11:20,UTC+05:30,2025-02-24 21:04:53,2025-02-24 22:15:22,70,Weightlifting,9.7,419.0,166,120,60,14,7,0,0,false
2025-02-23 02:35:24,2025-02-24 02:45:11,UTC+05:30,2025-02-23 13:42:00,2025-02-23 13:58:29,16,Weightlifting,5.3,102.0,156,122,83,11,3,0,0,false
2025-02-22 03:30:03,2025-02-23 02:35:24,UTC+05:30,2025-02-22 21:04:13,2025-02-22 22:11:19,67,Weightlifting,5.3,149.0,148,100,23,1,0,0,0,false
2025-02-22 03:30:03,2025-02-23 02:35:24,UTC+05:30,2025-02-22 18:16:30,2025-02-22 18:49:29,32,Elliptical,4.4,60.0,122,97,15,0,0,0,0,false
2025-02-21 02:23:29,2025-02-22 03:30:03,UTC+05:30,2025-02-21 21:04:09,2025-02-21 22:27:20,83,Weightlifting,5.8,203.0,156,99,26,1,0,0,0,false
2025-02-20 03:31:08,2025-02-21 02:23:29,UTC+05:30,2025-02-20 21:39:00,2025-02-20 22:01:29,22,Weightlifting,4.9,79.0,153,109,61,0,0,0,0,false
2025-02-18 23:54:48,2025-02-20 03:31:08,UTC+05:30,2025-02-19 21:07:58,2025-02-19 22:13:21,65,Weightlifting,5.6,171.0,152,101,33,2,0,0,0,false
2025-02-18 23:54:48,2025-02-20 03:31:08,UTC+05:30,2025-02-19 18:06:00,2025-02-19 18:40:29,34,Running,13.7,471.0,171,156,5,3,37,55,0,false
2025-02-18 04:04:06,2025-02-18 23:54:48,UTC+05:30,2025-02-18 20:00:00,2025-02-18 20:34:29,34,Weightlifting,7.3,211.0,160,121,55,19,11,0,0,false
2025-02-16 23:33:18,2025-02-18 04:04:06,UTC+05:30,2025-02-17 21:02:20,2025-02-17 22:18:35,76,Weightlifting,8.3,367.0,158,114,64,9,1,0,0,false
2025-02-16 23:33:18,2025-02-18 04:04:06,UTC+05:30,2025-02-17 18:12:00,2025-02-17 18:34:04,22,Elliptical,11.2,295.0,170,155,0,6,63,31,0,false
2025-02-16 04:13:57,2025-02-16 23:33:18,UTC+05:30,2025-02-16 18:03:00,2025-02-16 18:28:29,25,Running,11.5,315.0,174,150,7,6,48,36,0,false
2025-02-15 03:05:45,2025-02-16 04:13:57,UTC+05:30,2025-02-15 21:15:54,2025-02-15 22:13:42,57,Weightlifting,6.6,232.0,165,110,61,2,1,0,0,false
2025-02-14 01:12:30,2025-02-15 03:05:45,UTC+05:30,2025-02-14 21:09:50,2025-02-14 22:09:06,59,Weightlifting,7.5,278.0,162,113,55,9,2,0,0,false
2025-02-13 03:49:45,2025-02-14 01:12:30,UTC+05:30,2025-02-13 21:52:30,2025-02-13 22:10:29,17,Weightlifting,5.2,99.0,149,118,88,6,0,0,0,false
2025-02-13 03:49:45,2025-02-14 01:12:30,UTC+05:30,2025-02-13 20:22:30,2025-02-13 21:14:59,52,Weightlifting,6.4,209.0,150,110,68,3,0,0,0,false
2025-02-13 03:49:45,2025-02-14 01:12:30,UTC+05:30,2025-02-13 11:31:30,2025-02-13 12:14:59,43,Activity,4.5,74.0,130,97,13,0,0,0,0,false
2025-02-12 04:22:40,2025-02-13 03:49:45,UTC+05:30,2025-02-12 21:04:12,2025-02-12 22:28:08,83,Weightlifting,6.9,274.0,164,104,40,5,0,0,0,false
2025-02-12 04:22:40,2025-02-13 03:49:45,UTC+05:30,2025-02-12 14:00:30,2025-02-12 14:45:59,45,Elliptical,5.1,117.0,135,101,40,0,0,0,0,false
2025-02-11 01:19:29,2025-02-12 04:22:40,UTC+05:30,2025-02-11 21:32:51,2025-02-11 22:22:58,50,Weightlifting,5.7,164.0,143,105,46,2,0,0,0,false
2025-02-11 01:19:29,2025-02-12 04:22:40,UTC+05:30,2025-02-11 14:19:30,2025-02-11 15:00:27,40,Elliptical,5.2,115.0,144,103,45,0,0,0,0,false
2025-02-10 01:15:13,2025-02-11 01:19:29,UTC+05:30,2025-02-10 17:49:00,2025-02-10 18:00:00,11,Race Walking,6.8,116.0,179,142,7,20,44,17,1,false
2025-02-09 02:44:10,2025-02-10 01:15:13,UTC+05:30,2025-02-09 17:37:30,2025-02-09 18:04:29,26,Race Walking,11.9,332.0,172,150,15,2,35,47,0,false
2025-02-09 02:44:10,2025-02-10 01:15:13,UTC+05:30,2025-02-09 12:47:32,2025-02-09 14:28:14,100,Weightlifting,5.3,183.0,142,95,19,0,0,0,0,false
2025-02-08 00:56:14,2025-02-09 02:44:10,UTC+05:30,2025-02-08 21:08:57,2025-02-08 22:20:20,71,Weightlifting,8.1,338.0,172,113,59,10,1,0,0,false
2025-02-08 00:56:14,2025-02-09 02:44:10,UTC+05:30,2025-02-08 18:39:00,2025-02-08 19:05:59,26,Race Walking,8.6,255.0,166,136,22,47,25,3,0,false
2025-02-08 00:56:14,2025-02-09 02:44:10,UTC+05:30,2025-02-08 13:34:30,2025-02-08 14:07:29,32,Elliptical,5.0,94.0,133,105,43,0,0,0,0,false
2025-02-07 01:45:07,2025-02-08 00:56:14,UTC+05:30,2025-02-07 15:25:00,2025-02-07 15:50:00,25,Elliptical,5.5,127.0,149,115,72,8,0,0,0,false
2025-02-06 05:33:04,2025-02-07 01:45:07,UTC+05:30,2025-02-06 21:05:55,2025-02-06 22:08:17,62,Weightlifting,5.7,173.0,147,99,34,2,0,0,0,false
2025-02-05 02:46:43,2025-02-06 05:33:04,UTC+05:30,2025-02-05 21:13:29,2025-02-05 22:32:25,78,Weightlifting,7.2,282.0,165,105,38,6,1,0,0,false
2025-02-05 02:46:43,2025-02-06 05:33:04,UTC+05:30,2025-02-05 18:13:30,2025-02-05 18:50:02,36,Elliptical,13.8,497.0,175,155,2,7,40,51,0,false
2025-02-04 01:46:19,2025-02-05 02:46:43,UTC+05:30,2025-02-04 21:56:07,2025-02-04 22:49:10,53,Weightlifting,4.6,98.0,132,92,14,0,0,0,0,false
2025-02-04 01:46:19,2025-02-05 02:46:43,UTC+05:30,2025-02-04 17:55:30,2025-02-04 18:35:50,40,Elliptical,13.6,508.0,176,151,10,13,43,34,0,false
2025-02-02 04:47:16,2025-02-03 01:03:46,UTC+05:30,2025-02-02 21:33:00,2025-02-02 22:02:59,29,Elliptical,5.3,118.0,146,110,61,2,0,0,0,false
2025-02-02 04:47:16,2025-02-03 01:03:46,UTC+05:30,2025-02-02 12:43:30,2025-02-02 14:26:59,103,Weightlifting,10.1,510.0,157,114,49,14,1,0,0,false
2025-02-01 03:24:00,2025-02-02 04:47:16,UTC+05:30,2025-02-01 21:08:57,2025-02-01 22:22:47,73,Weightlifting,5.2,150.0,155,97,18,0,0,0,0,false
2025-02-01 03:24:00,2025-02-02 04:47:16,UTC+05:30,2025-02-01 13:00:00,2025-02-01 13:30:00,30,Elliptical,4.3,51.0,124,87,11,0,0,0,0,false
2025-01-30 03:34:16,2025-01-31 00:36:46,UTC+05:30,2025-01-30 20:56:54,2025-01-30 22:10:10,73,Weightlifting,5.7,180.0,140,103,31,0,0,0,0,false
2025-01-28 04:13:35,2025-01-29 02:45:44,UTC+05:30,2025-01-28 21:00:18,2025-01-28 22:07:41,67,Weightlifting,8.5,364.0,163,117,65,12,2,0,0,false
2025-01-28 04:13:35,2025-01-29 02:45:44,UTC+05:30,2025-01-28 18:04:30,2025-01-28 18:44:59,40,Running,14.6,553.0,176,156,3,3,32,60,0,false
2025-01-27 03:50:13,2025-01-28 04:13:35,UTC+05:30,2025-01-27 21:16:30,2025-01-27 21:37:29,20,Weightlifting,4.9,83.0,146,112,16,4,0,0,0,false
2025-01-26 02:21:01,2025-01-27 03:50:13,UTC+05:30,2025-01-26 18:58:30,2025-01-26 19:19:29,20,Weightlifting,4.3,44.0,126,101,0,0,0,0,0,false
2025-01-25 03:00:07,2025-01-26 02:21:01,UTC+05:30,2025-01-25 12:15:00,2025-01-25 12:34:29,19,Elliptical,5.4,96.0,159,117,19,11,8,0,0,false
2025-01-24 03:13:17,2025-01-25 03:00:07,UTC+05:30,2025-01-24 21:22:30,2025-01-24 22:07:29,44,Weightlifting,7.3,244.0,164,119,26,17,4,0,0,false
2025-01-24 03:13:17,2025-01-25 03:00:07,UTC+05:30,2025-01-24 12:52:30,2025-01-24 13:08:59,16,Weightlifting,4.1,25.0,119,98,0,0,0,0,0,false
2025-01-23 02:39:27,2025-01-24 03:13:17,UTC+05:30,2025-01-23 23:30:35,2025-01-23 23:37:21,6,Weightlifting,0.0,9.0,83,72,0,0,0,0,0,false
2025-01-23 02:39:27,2025-01-24 03:13:17,UTC+05:30,2025-01-23 21:21:00,2025-01-23 21:55:29,34,Weightlifting,6.1,171.0,153,117,31,8,1,0,0,false
2025-01-22 01:03:12,2025-01-23 02:39:27,UTC+05:30,2025-01-22 17:48:00,2025-01-22 18:08:00,20,Elliptical,11.0,266.0,173,155,2,2,42,49,0,false
2025-01-21 03:52:58,2025-01-22 01:03:12,UTC+05:30,2025-01-21 21:06:22,2025-01-21 21:49:55,43,Weightlifting,5.2,124.0,158,103,11,2,0,0,0,false
2025-01-21 03:52:58,2025-01-22 01:03:12,UTC+05:30,2025-01-21 18:28:00,2025-01-21 19:00:00,32,Elliptical,12.0,334.0,177,142,5,2,26,40,0,false
2025-01-20 02:25:38,2025-01-21 03:52:58,UTC+05:30,2025-01-20 17:40:30,2025-01-20 18:03:02,22,Elliptical,12.2,317.0,177,159,2,1,24,72,0,false
2025-01-18 04:48:01,2025-01-19 02:16:04,UTC+05:30,2025-01-18 21:11:33,2025-01-18 22:17:17,65,Weightlifting,6.6,228.0,156,110,16,3,0,0,0,false
2025-01-18 04:48:01,2025-01-19 02:16:04,UTC+05:30,2025-01-18 17:39:00,2025-01-18 18:15:34,36,Elliptical,13.5,459.0,182,152,0,5,32,51,2,false
2025-01-17 02:18:50,2025-01-18 04:48:01,UTC+05:30,2025-01-17 21:40:30,2025-01-17 22:07:29,26,Weightlifting,5.2,109.0,140,113,22,1,0,0,0,false
2025-01-17 02:18:50,2025-01-18 04:48:01,UTC+05:30,2025-01-17 17:34:30,2025-01-17 18:13:29,38,Running,14.3,530.0,177,156,2,4,31,60,0,false
2025-01-16 02:56:48,2025-01-17 02:18:50,UTC+05:30,2025-01-16 21:00:00,2025-01-16 22:05:00,65,Weightlifting,6.5,228.0,146,109,17,2,0,0,0,false
2025-01-15 03:52:28,2025-01-16 02:56:48,UTC+05:30,2025-01-15 21:19:30,2025-01-15 22:01:29,41,Activity,6.9,222.0,155,119,30,16,1,0,0,false
2025-01-15 03:52:28,2025-01-16 02:56:48,UTC+05:30,2025-01-15 17:43:30,2025-01-15 18:17:59,34,Running,13.0,426.0,172,151,1,4,51,35,0,false
2025-01-14 02:02:10,2025-01-15 03:52:28,UTC+05:30,2025-01-14 18:24:00,2025-01-14 18:44:59,20,Running,10.4,267.0,172,153,2,17,59,22,0,false
2025-01-13 03:39:28,2025-01-14 02:02:10,UTC+05:30,2025-01-13 21:27:00,2025-01-13 22:01:29,34,Weightlifting,5.5,140.0,142,114,24,0,0,0,0,false
2025-01-12 01:02:33,2025-01-13 03:39:28,UTC+05:30,2025-01-12 21:21:22,2025-01-12 21:42:49,21,Elliptical,4.5,58.0,137,106,2,0,0,0,0,false
2025-01-12 01:02:33,2025-01-13 03:39:28,UTC+05:30,2025-01-12 12:05:08,2025-01-12 15:02:50,177,Weightlifting,5.5,287.0,140,97,1,0,0,0,0,false
2025-01-10 01:58:18,2025-01-11 00:59:22,UTC+05:30,2025-01-10 18:01:10,2025-01-10 18:20:12,19,Running,9.6,231.0,176,151,4,17,53,24,0,false
2025-01-09 05:24:26,2025-01-10 01:58:18,UTC+05:30,2025-01-09 21:12:00,2025-01-09 22:04:29,52,Weightlifting,6.2,187.0,155,112,11,3,1,0,0,false
